,time,amp,amp_fft
0,0.0,(43.00000000000014-9.734435479913373e-16j),(-18188+0j)
1,2.777,(42.99999999999985+2.47979414780275e-15j),(1096.9373702979851-5480.865581374292j)
2,5.554,(39.00000000000009-8.533618256478804e-15j),(15957.458241187489+6413.0504421466085j)
3,8.331,(38.999999999999986-1.3500311979441903e-16j),(-17841.330116649377-11710.28898383136j)
4,11.108,(39.00000000000013-9.386269539390923e-15j),(-4162.353101728387-9158.773241159157j)
5,13.885000000000002,(39.99999999999992-1.821121031753137e-14j),(8131.92348784693-2849.008139950977j)
6,16.662,(40.999999999999844+4.199307568342192e-15j),(-4708.9274498860095-2700.9524227228826j)
7,19.439,(38.00000000000003-3.202416110070771e-14j),(-11500.742831636353-11168.296715020122j)
8,22.216,(38.000000000000114+4.5943407159972014e-14j),(11719.55217005595-3675.38401148699j)
9,24.993000000000002,(35.999999999999865-9.077029258466856e-15j),(5688.291204095449-2519.748182532747j)
10,27.770000000000003,(34.999999999999964+2.4755006317349736e-14j),(-5677.969279538808+1150.9297287652753j)
11,30.547,(31.99999999999991+6.5314433377855764e-15j),(2936.4755886192265-1332.5672128911601j)
12,33.324,(33.000000000000135-3.650960062134719e-15j),(3776.4893811682477+56.390953747948515j)
13,36.101,(35.000000000000185-1.93580470225063e-14j),(-8282.953149259673-14455.132613663805j)
14,38.878,(34.99999999999996-1.6912372798949817e-14j),(2922.6168713820084+4171.599107296057j)
15,41.655,(30.999999999999968+7.671446009661879e-15j),(9367.954127280273-1137.0089926151563j)
16,44.432,(27.99999999999989-1.9641133299323438e-14j),(3435.7513198082734+6220.8099139299875j)
17,47.209,(28.000000000000142-1.590238358383126e-14j),(-5367.043008703451-8308.192745510805j)
18,49.986000000000004,(34.000000000000014+4.903974605618706e-15j),(9291.808673600099+2128.7555601026065j)
19,52.763000000000005,(36.99999999999976+1.1995679510722492e-14j),(2907.7593039164844+1924.565877136385j)
20,55.540000000000006,(40.99999999999999-1.833644327091503e-15j),(-4543.287316403358+5791.116592397004j)
21,58.317,(36.99999999999978-1.0459504622201127e-14j),(-176.41498238239274+3597.760103986867j)
22,61.094,(30.000000000000114-5.5367868640953765e-15j),(1212.442599041319-1600.4747344068805j)
23,63.871,(37.000000000000014+1.0415943648618166e-15j),(5408.960497191995-2171.1741821554306j)
24,66.648,(38.99999999999996+8.03720054732786e-15j),(-7748.278419671619+4300.601578104649j)
25,69.425,(39.00000000000004-1.3136728149650893e-14j),(1367.9620915009314+1594.8857556245093j)
26,72.202,(36.99999999999994+2.0212941226467697e-14j),(-8847.950273885319+6138.1750730609365j)
27,74.979,(36.00000000000011-1.4498417961693996e-14j),(1731.1227273299228-5234.657044993334j)
28,77.756,(37.00000000000006+4.4752352830231254e-15j),(1176.4149566512538+3428.4703732372845j)
29,80.533,(37.99999999999998+1.3138101941150354e-16j),(-830.3429942369021-3066.4348185367926j)
30,83.31,(41.00000000000007+6.5520930991991805e-15j),(-8042.845645223996-28.075163944996348j)
31,86.087,(41.999999999999886-1.0909845048883772e-14j),(-5712.490777507481-2306.9452782450458j)
32,88.864,(44.00000000000008-1.731487045916444e-14j),(-7.731564422410884-4260.128636583965j)
33,91.641,(39.00000000000008+2.893592884592852e-14j),(4652.365266963881+3294.1843685744807j)
34,94.418,(39.00000000000003-3.0613667175607384e-15j),(-4964.581268525757-5069.993142991936j)
35,97.19500000000001,(38.99999999999984+2.8627839248720136e-14j),(1616.3711960431974-2843.8462114697063j)
36,99.97200000000001,(40.99999999999997-3.339152436648717e-15j),(-8394.53264308744-7932.3191446688525j)
37,102.74900000000001,(43.00000000000013+3.680306496476261e-15j),(6100.023844123607-1385.7465490441007j)
38,105.52600000000001,(42.00000000000015+2.7692075977463678e-14j),(-1552.5537966541347+2252.436629548338j)
39,108.30300000000001,(38.99999999999981+1.421918776342097e-14j),(4761.337662983477-2490.690416396743j)
40,111.08000000000001,(35.99999999999986+2.3474694487600164e-14j),(-129.7902449553419-5072.077602570994j)
41,113.857,(38.99999999999993+4.557125273414638e-14j),(1434.507648298605-6877.7384614335415j)
42,116.634,(42.00000000000007-4.412332811895791e-15j),(4281.71392671213-3224.56548929883j)
43,119.411,(41.000000000000085+6.633826683601648e-15j),(-300.0842101465196+6913.631478465761j)
44,122.188,(43.9999999999999+9.35606287103303e-15j),(2540.24419049708-2579.4485795223636j)
45,124.965,(38.9999999999999-4.332530857896523e-14j),(4215.558941126832+3024.8241697974936j)
46,127.742,(33.999999999999815+4.324982464904767e-15j),(4641.413755238344-8535.020803112875j)
47,130.519,(38.000000000000085+2.7213982601376863e-14j),(4886.850960796108+5487.661609304618j)
48,133.296,(40.000000000000135-2.6922672240606797e-14j),(-4233.506463773622+604.6929328739607j)
49,136.073,(39.000000000000036+1.6908000640467205e-14j),(763.920390231814+4863.339641524404j)
50,138.85,(40-2.85102029881593e-14j),(1727.9038580995527+1202.5628844335706j)
51,141.627,(36-2.8440817658598855e-14j),(4773.739062347926+950.4715809586514j)
52,144.404,(34.00000000000009-2.5361718746788727e-14j),(3300.8383157396847+2324.2862158736343j)
53,147.181,(35.000000000000085-2.1557974237143462e-14j),(-7362.745941344287+1962.615928496446j)
54,149.958,(34.99999999999996-5.9245062159041115e-15j),(-741.7423279202857-36.43117222965793j)
55,152.735,(39.999999999999964+9.547102298009203e-15j),(-4770.493457048731+4613.863452821253j)
56,155.512,(36.999999999999886+1.5826467095044517e-14j),(5862.322358747644+12.433279775053506j)
57,158.28900000000002,(35.000000000000135+3.688931366204823e-14j),(-2630.0586423860636+5819.846082690181j)
58,161.066,(32.00000000000011-2.7877759272832245e-14j),(-3049.3085385372997-5182.229377955894j)
59,163.84300000000002,(30.999999999999925-1.2502326606174734e-14j),(-5136.58286939274-531.6599492767477j)
60,166.62,(32.999999999999986-2.9171308232370954e-15j),(-2790.381666755962-1576.702044386468j)
61,169.39700000000002,(36.99999999999993-2.146969806551536e-14j),(-311.577808387329+2589.701501274321j)
62,172.174,(34.00000000000003-5.986942523359571e-14j),(-161.23900475065534+2572.206116749801j)
63,174.95100000000002,(31.000000000000085-1.8939561962509053e-14j),(-3121.1160042500874-5747.916336676991j)
64,177.728,(28.999999999999805-3.066532473444691e-14j),(1109.7236800705273-3861.521666027966j)
65,180.505,(29.99999999999997-1.0691903327297084e-14j),(-4795.7755324118325-4872.833370888596j)
66,183.282,(31.99999999999998-4.8589192613678745e-14j),(2500.6538537831275+2081.509643814815j)
67,186.059,(31.00000000000007+6.613626573708194e-15j),(-4609.629037125356+647.3811585635017j)
68,188.836,(31.00000000000018-5.498455868616994e-14j),(4405.376683141389-3606.6490226818387j)
69,191.613,(27.99999999999979-3.222741358742744e-14j),(1058.6744060328492-4201.896850875852j)
70,194.39000000000001,(27.000000000000114-4.5275170324773766e-14j),(2676.2287290037434-3935.2734941717767j)
71,197.167,(22.99999999999996+6.082578391877971e-15j),(-863.2184591785647+81.93709911092037j)
72,199.94400000000002,(24.000000000000075-2.1916631236910108e-14j),(-1477.4940027650237+1375.5773519508127j)
73,202.721,(27.000000000000075-2.0145240577669304e-14j),(3116.996483316436-2067.034587862277j)
74,205.49800000000002,(27.999999999999876-2.2592110926341962e-14j),(4420.90168785362+1159.2101074036946j)
75,208.275,(25.999999999999986-8.769791728838124e-15j),(3282.496130613272-3538.387424774025j)
76,211.05200000000002,(22.99999999999998-1.97973197302276e-15j),(578.8844432147754+2752.6196566812137j)
77,213.829,(21.000000000000114-1.3360632017864086e-14j),(-3026.017216536283-1768.0321544494966j)
78,216.60600000000002,(21.000000000000103+3.271837092278876e-15j),(2417.9090756030614+3210.1800719161447j)
79,219.383,(21.999999999999922-1.1015611780138112e-14j),(1821.8123989013648+1114.837832062943j)
80,222.16000000000003,(25.999999999999996+2.459920357115443e-14j),(3800.833101982256+2010.438316254721j)
81,224.937,(22.999999999999876-5.7694609054996e-16j),(-728.623747068688+298.13256268172586j)
82,227.714,(22.000000000000146+2.376390064484054e-14j),(-2672.932587606706-638.1889162100591j)
83,230.491,(16.00000000000005+4.676809145398735e-15j),(-267.0767921670947+790.6448835653246j)
84,233.268,(19.99999999999998+1.836303043159206e-14j),(-1037.8193218049785+3557.1438190892627j)
85,236.04500000000002,(18.999999999999943+1.8130266185112355e-14j),(2170.050558115207+1445.4923564344463j)
86,238.822,(20.99999999999993+4.234306291171847e-14j),(-1969.5528176477292+1555.5229321763175j)
87,241.59900000000002,(17-5.96552473891425e-14j),(-819.6335348605983-3708.403105043083j)
88,244.376,(16.000000000000117+4.69196181856344e-16j),(-2151.3434634587356+981.1873616363246j)
89,247.15300000000002,(14.999999999999819-1.6127464198898115e-14j),(-1523.7265100826946-42.78281886471572j)
90,249.93,(16.999999999999943-4.0485674267023815e-14j),(-478.9335487913751+2531.0820783993795j)
91,252.70700000000002,(20.99999999999995-3.2980757472197596e-14j),(-837.9188965846346-748.5811227616414j)
92,255.484,(18.000000000000146+3.56757045811428e-14j),(-157.47622319862577-2814.969048386901j)
93,258.261,(18.000000000000227+4.482152020762774e-14j),(-395.12974502702264-1786.3504607796292j)
94,261.038,(14.999999999999782-1.2310822772879073e-14j),(-2091.807697105424-945.1539879736565j)
95,263.815,(16.000000000000103+4.4315476686551645e-15j),(35.57876838628607+816.3752449921357j)
96,266.592,(18.99999999999993+9.508059025178737e-15j),(-1369.1560430429736-447.83107700138777j)
97,269.369,(25.000000000000117+4.362851483924589e-14j),(2690.84522812283-2379.5973117509416j)
98,272.146,(25.000000000000075+1.3179400213687393e-14j),(-18.159837896439512-1408.9561505832114j)
99,274.923,(23.99999999999986-1.4883999069522657e-14j),(453.08439291319473-2003.597196179671j)
100,277.7,(27.000000000000075+1.2964741770127384e-14j),(-1104.7940820149447+532.4547172872176j)
101,280.47700000000003,(25.999999999999957-1.845415603663587e-14j),(166.02471268525994-698.4384959218321j)
102,283.254,(28.000000000000124+7.663046913891908e-16j),(2029.845190561119-446.1404741121198j)
103,286.031,(33.00000000000008-4.354766363444315e-15j),(1931.413209786965-525.7862585552482j)
104,288.808,(32.99999999999998-1.9189874096406595e-14j),(624.7998151793315-1327.628045465482j)
105,291.58500000000004,(28.000000000000075-2.7026808577122677e-14j),(-61.46933783513481+511.43029087539315j)
106,294.362,(25.999999999999922-1.1453258721263201e-14j),(-719.8595528725938-482.563686983304j)
107,297.139,(22.00000000000003-4.211231187297793e-14j),(2233.481313948244+1027.2561589499612j)
108,299.916,(28.000000000000075+2.3859908460706554e-14j),(853.6944832024486+351.47133652646414j)
109,302.69300000000004,(28.000000000000014-8.806495518433339e-15j),(1507.103685184087-68.10880589769681j)
110,305.47,(27.99999999999982+1.3684648740307891e-14j),(-876.6887075809949+14.543016876049023j)
111,308.247,(21.99999999999998-6.802182374397698e-15j),(-204.26170124276902-43.99353941502369j)
112,311.024,(20.00000000000013+1.0401412804290457e-14j),(307.22229779129793+1208.0642836222462j)
113,313.801,(17.000000000000124-1.5284103937928967e-14j),(613.6507371294356+1073.6063349713118j)
114,316.57800000000003,(19.99999999999978-2.590881722217688e-14j),(617.2219904232899+113.96871022399586j)
115,319.355,(20.999999999999826-5.539153266331878e-15j),(-575.0950156493036+260.64517194940186j)
116,322.132,(20.99999999999988-7.662482259510712e-16j),(-846.7903678601494-936.4743435493648j)
117,324.909,(13.00000000000011+5.398171759328249e-15j),(-199.48958944038986+1164.0346924776918j)
118,327.68600000000004,(5.000000000000069+5.689298186038984e-15j),(-521.472057915262+521.181727034374j)
119,330.463,(4.999999999999875-2.6684419189594548e-14j),(454.9276633633226+830.1604020528322j)
120,333.24,(4.999999999999906-3.7504022872564783e-14j),(-850.7215352505089-609.512024885312j)
121,336.017,(5.9999999999999005+4.102954348045679e-15j),(-136.05965772786257-821.9671459392736j)
122,338.79400000000004,(7.000000000000106-3.109208241568594e-14j),(-603.1187606726025-34.62253922655185j)
123,341.571,(7.000000000000133-1.1742683446986692e-14j),(-738.7216155990639+469.60912822675436j)
124,344.348,(7.000000000000035+1.15477392357756e-14j),(-88.06010553272296+17.153610421696555j)
125,347.125,(5.000000000000129-2.7615241830476554e-14j),(-415.6259377015538-325.1284630184958j)
126,349.90200000000004,(5.999999999999875-5.270022467889009e-15j),(158.49025763403006-1393.8366790122654j)
127,352.67900000000003,(9.000000000000083+3.628359331484806e-15j),(-380.8074838555026-133.76459794280413j)
128,355.456,(5.999999999999974+1.5500152741346022e-14j),(-619.0758318673527-612.8675512128835j)
129,358.233,(1.0000000000001223-6.232654245616707e-15j),(-11.816108261427189+345.6770246152174j)
130,361.01,(2.9999999999998943-4.060988127881252e-15j),(31.61295124477391-695.8055072045086j)
131,363.78700000000003,(1.999999999999829+1.070604426731954e-14j),(788.4423700679488-711.7667833756989j)
132,366.564,(6.000000000000046+2.293539897182722e-14j),(7.21632391739297-627.6248793492284j)
133,369.341,(5.000000000000156-2.971306541842652e-15j),(-262.35405579810424-421.11955775187283j)
134,372.118,(1.999999999999836+2.9367096071667733e-14j),(24.92087576197852-57.834569659590926j)
135,374.89500000000004,(-4.00000000000002-1.921531457744097e-14j),(101.94595446652426-124.29009394404966j)
136,377.672,(-7.000000000000106+3.643678936543965e-14j),(1080.4456920677342-457.74855768067147j)
137,380.449,(-4.999999999999856-2.755714951173456e-15j),(209.13136009833994-173.11027290579295j)
138,383.226,(-1.9999999999998264-1.65337819768596e-14j),(272.31390117172367-789.9901113087847j)
139,386.00300000000004,(-7.999999999999999-1.1412237483933418e-14j),(-32.939346241390126+166.69414243956024j)
140,388.78000000000003,(-8.000000000000021+1.488421275775641e-14j),(167.6501619203234-140.273047059857j)
141,391.557,(-10.000000000000114+1.6470517357266486e-14j),(774.1412096977866+228.3602538623585j)
142,394.334,(-10.999999999999867-1.1742206991728823e-14j),(386.8937230689022-41.6639121281363j)
143,397.11100000000005,(-9.999999999999972-1.0694088410070878e-14j),(325.23688900990624-295.11516553782474j)
144,399.88800000000003,(-10.000000000000204+1.884268615655392e-14j),(61.955697207586354+39.634004006510224j)
145,402.665,(-7.000000000000018-1.1701515468961187e-14j),(-164.67546354499052+40.060420032157396j)
146,405.442,(-9.000000000000215+7.970679612356964e-15j),(743.6849981032287+437.9410802165032j)
147,408.219,(-11.999999999999877-1.1232160905690589e-14j),(122.41798129978815+326.7415301211877j)
148,410.99600000000004,(-11.999999999999917+3.0520595273596197e-14j),(527.7232236414386-226.22290294195324j)
149,413.773,(-13.000000000000028-1.0428211646060147e-14j),(-228.57950263269151+18.587028656992516j)
150,416.55,(-13.999999999999957+1.7508062688357654e-14j),(-154.7733117003648-233.48523672364206j)
151,419.327,(-12.000000000000048+2.8190077663936344e-15j),(41.45763888235274+554.6088735851017j)
152,422.10400000000004,(-11.99999999999989+6.3046125249554255e-15j),(-81.01041587196812+382.2799108553951j)
153,424.88100000000003,(-15.999999999999895+1.3426022973666358e-14j),(300.44925843623764+62.350958426807324j)
154,427.658,(-19.00000000000003-3.0019681598634936e-15j),(-33.916383744236356-137.98766203678133j)
155,430.435,(-17.999999999999936+5.97675510426197e-15j),(-253.06318417973233-450.4878133463576j)
156,433.21200000000005,(-20.000000000000117+4.154568601704453e-14j),(-118.39430740918397+326.1975326463029j)
157,435.98900000000003,(-13.999999999999927+2.0121010585579214e-14j),(-403.9558205331096+219.65066537243808j)
158,438.766,(-8.999999999999885-1.7291682782322635e-14j),(316.489562080823+252.94780215235625j)
159,441.543,(-8.99999999999995-2.269566916995034e-14j),(-150.78068006715853-151.3171635002118j)
160,444.32000000000005,(-12.000000000000192-7.415065439414962e-15j),(268.00351918674016-513.7522670959675j)
161,447.09700000000004,(-24.000000000000043-2.849152165459919e-14j),(-302.56208175748964-100.49878686264287j)
162,449.874,(-37.99999999999984-1.51180008289906e-14j),(-361.6037217699218-78.12790772073515j)
163,452.651,(-47.999999999999865-1.4205132738671756e-14j),(146.79629104759056+60.36829124614616j)
164,455.428,(-70.0000000000002+5.051734755224557e-14j),(218.13125475406184-9.59577877774143j)
165,458.20500000000004,(-115.00000000000011-2.8220009361752395e-14j),(572.2743759259209-439.260737683942j)
166,460.982,(-176.0000000000001-4.4435687496404607e-17j),(367.2351137272137+89.28091542776997j)
167,463.759,(-233.9999999999999-1.6974468436100023e-14j),(-1109.3072836554027-1194.6228844853913j)
168,466.536,(-259.9999999999999-1.1273597994275758e-14j),(-204.43298668534908+18.834252192172272j)
169,469.31300000000005,(-257.00000000000017+4.235832426290091e-14j),(-70.87569777037766-244.42600571395792j)
170,472.09000000000003,(-228.0000000000001-4.365081491484765e-15j),(491.91414580358037-21.001418794978235j)
171,474.867,(-180.0000000000001-2.6841091787494612e-14j),(74.27017309804796-411.01535722922324j)
172,477.644,(-107.99999999999986-1.010919493114364e-14j),(-22.87991561995193-604.1368681423374j)
173,480.42100000000005,(6.000000000000106+1.505291550117628e-14j),(-44.299804570860886-164.8007162614079j)
174,483.19800000000004,(154.00000000000006-2.011885001432994e-14j),(-65.27382202883211+69.87371698675463j)
175,485.975,(272+8.18286024534981e-15j),(564.5027883719606-14.05594092807894j)
176,488.752,(357.00000000000006+4.474632312783426e-14j),(83.35021326650855-55.564199958602444j)
177,491.529,(356.0000000000001+1.419020292904031e-15j),(366.07056483988924-690.6312833774332j)
178,494.30600000000004,(243.00000000000014+1.674198814199446e-14j),(-49.43318381143081-110.79351335784372j)
179,497.083,(123.99999999999994-7.806167781863768e-15j),(121.79794095605973-105.0778968995553j)
180,499.86,(45.000000000000036-2.9537916907693924e-14j),(110.99047772298434+511.28635184050074j)
181,502.637,(10.999999999999876+8.900159309268074e-15j),(181.98537247777736+159.35514440743464j)
182,505.41400000000004,(-0.9999999999998436-5.22557318192412e-14j),(410.0838630096098-99.46057312259694j)
183,508.19100000000003,(-4.9999999999999565-3.0057308437498104e-14j),(234.6934092963067-12.484607648372048j)
184,510.968,(-4.000000000000047-2.8697650015454726e-14j),(-166.59980540290655-48.807799699804974j)
185,513.745,(6.999999999999962-2.654617379587553e-14j),(-103.96796255024537+274.27627260414727j)
186,516.522,(19.999999999999915+2.3102051389374688e-14j),(-276.6133661610372+110.25980140959427j)
187,519.299,(16.000000000000014-3.081696172993361e-14j),(455.2343180323064+78.64254903071947j)
188,522.076,(5.000000000000087+2.8054690452575442e-14j),(-42.43611251547952+3.9051942845058534j)
189,524.8530000000001,(-11.000000000000218-1.5314963101629748e-14j),(59.13254746618392-95.55706847696888j)
190,527.63,(-17.00000000000007-2.1554808427654184e-14j),(-326.52453448642274-15.377747030438513j)
191,530.407,(-24.999999999999993-7.085259154059544e-15j),(-185.64408302449863-49.190113792069894j)
192,533.184,(-25.999999999999922-2.084787759477943e-14j),(111.08239252003983+14.442322667644163j)
193,535.961,(-21.99999999999978-2.5052514691708175e-14j),(67.36049270319131+181.00486570283533j)
194,538.738,(-22.000000000000178+1.4701072490270318e-14j),(5.165110377351141-219.43499522552167j)
195,541.515,(-27.999999999999886+1.9161150883674737e-14j),(-180.2963241490696+39.51773252129402j)
196,544.292,(-35.00000000000005-1.3382991031031964e-15j),(-267.83530629934546-233.09622983645215j)
197,547.0690000000001,(-39.99999999999994+2.848327465939012e-14j),(115.60080011094396+106.16950490294744j)
198,549.846,(-34.99999999999996+2.0873423622383227e-14j),(-62.495956687099536-125.56936759197433j)
199,552.623,(-35.000000000000156-5.0545861950919605e-15j),(68.99369027514777-92.332223685504j)
200,555.4,(-38.999999999999986-3.1050584501819475e-15j),(-92.97058314504102-309.0249018768905j)
201,558.177,(-43.000000000000036-2.5241580343468976e-14j),(16.240473505241-251.7435211428372j)
202,560.9540000000001,(-42.99999999999989+3.0382097579485754e-14j),(90.66905360950487-82.06820532491628j)
203,563.731,(-43.9999999999999-4.024300012648643e-15j),(-4.753423815248617-58.442943093258336j)
204,566.508,(-43.00000000000007-1.167869109535082e-14j),(129.27178440918448-264.07578455624895j)
205,569.2850000000001,(-42-2.0360300800234797e-14j),(3.80655866958843-135.1994481625259j)
206,572.062,(-41.00000000000011+5.907788910171606e-15j),(176.69718798199074-327.2112598348466j)
207,574.839,(-46.999999999999844+1.4965432753640746e-14j),(121.95089932122133-36.50347340453095j)
208,577.616,(-48.99999999999993+5.0920135348173555e-14j),(66.45351445619326-94.56582069472617j)
209,580.393,(-48.00000000000008-1.1029755349816309e-14j),(179.0663342098912-59.051254451310996j)
210,583.1700000000001,(-48.99999999999999-1.0144608078616739e-14j),(194.80472758728482-145.77495845419142j)
211,585.947,(-44.000000000000085-1.6488174076078965e-14j),(260.0473358952716-171.1456162652338j)
212,588.724,(-46.999999999999986+6.597451665998061e-15j),(172.9141445376345+1.8126744797367564j)
213,591.501,(-47.99999999999993+3.0977280999121904e-14j),(24.802260290826837-27.24024810205189j)
214,594.278,(-51.000000000000234+3.7237325036291006e-14j),(161.73439630584681-66.29004130299681j)
215,597.0550000000001,(-56.00000000000012-3.48253302525936e-14j),(133.9967273358601-51.843530562814564j)
216,599.832,(-55-5.927206956648148e-15j),(203.63117880518993-101.312771270216j)
217,602.609,(-50.99999999999993-6.621835403237765e-15j),(25.023123062404643-40.01804145903862j)
218,605.3860000000001,(-49.999999999999766+3.2815196306677344e-14j),(74.53325294293663-4.851508943245602j)
219,608.163,(-55.00000000000015+3.3047009119571983e-15j),(21.17662842877182+70.42756392323327j)
220,610.94,(-54.9999999999999+1.981610225917706e-14j),(104.11956564081224-42.45364354195689j)
221,613.717,(-53.00000000000002-3.5134581289225614e-14j),(174.92290234810636-130.59221975940255j)
222,616.494,(-48.9999999999999+9.731132245647758e-15j),(-26.711785443822126-84.54392578936013j)
223,619.2710000000001,(-43.99999999999992-7.281009790255953e-15j),(-92.33727521627382+28.554747558023877j)
224,622.048,(-49.000000000000085+3.129648559735694e-14j),(35.41735354741209+30.12160559074698j)
225,624.825,(-54.99999999999997+3.9256399093552976e-15j),(20.852823313051147+64.09543152361438j)
226,627.602,(-55.00000000000004-8.627496087818091e-15j),(170.2928906076151-88.22441122721185j)
227,630.379,(-52.99999999999987-2.790251028465665e-15j),(-69.06537849063842-76.23501308648252j)
228,633.1560000000001,(-49.99999999999992+1.9677492213978004e-14j),(-48.8569456360255-134.7607259867188j)
229,635.933,(-49.00000000000005+2.0141857908540246e-14j),(3.5034403055034886+82.42633586711274j)
230,638.71,(-47.99999999999992+1.6500641237484655e-15j),(-75.58681586040882-20.69730830241737j)
231,641.4870000000001,(-49.0000000000001-1.760391969860408e-14j),(54.506066251844175-47.02285382582849j)
232,644.264,(-49.99999999999992+4.584130466778457e-15j),(31.663854200807247-60.6192569575384j)
233,647.041,(-47.99999999999993+4.102659898167218e-14j),(31.42369226782398-147.3394847149121j)
234,649.818,(-46.99999999999995-9.376108524687768e-15j),(-120.12749783349608-149.1129141328844j)
235,652.595,(-44.000000000000185+2.726944536372299e-14j),(-131.63115704941117-50.82894913776433j)
236,655.3720000000001,(-42.00000000000003-2.5084090209082087e-15j),(113.76628257864064-56.127000987245395j)
237,658.149,(-44.999999999999844+1.1913318740832787e-14j),(51.8991102632694-13.806904993989587j)
238,660.926,(-47.99999999999987+1.4128304129721289e-14j),(-17.920098444658926-201.7535176548131j)
239,663.7030000000001,(-47.00000000000016+1.9528011428098838e-15j),(-63.667749259403955-170.3160049639522j)
240,666.48,(-41.000000000000135+1.8866260183940522e-14j),(-39.97374148126964-93.9531586465848j)
241,669.2570000000001,(-41.00000000000012-8.728370159395901e-15j),(77.40096160651422-67.95024119254892j)
242,672.034,(-38.999999999999915+3.63521691944766e-15j),(114.23329730099738-8.083007083572994j)
243,674.811,(-42.99999999999993-3.5333714040875784e-15j),(103.50480955923429-168.4906261803077j)
244,677.5880000000001,(-41.00000000000015-5.755791138769197e-15j),(77.42868185426062-163.42235465799126j)
245,680.365,(-37.0000000000001-1.747487894814181e-14j),(-51.09019883601135-170.57740060063745j)
246,683.142,(-35.00000000000013-4.6774968969115304e-15j),(177.91379532992374-19.11159662430777j)
247,685.919,(-31.99999999999992-2.0022736756515055e-14j),(53.542173510309084-20.481045489450665j)
248,688.696,(-27.999999999999876+2.013860428345762e-14j),(152.8899884814389-71.98213696846824j)
249,691.4730000000001,(-28.99999999999995+2.3067427406459542e-14j),(125.7439419347165-147.38319264333188j)
250,694.25,(-29.999999999999876+1.877505188849248e-15j),(128.99999999999997-160.99999999999935j)
251,697.027,(-27.000000000000153-8.748582536005598e-15j),(52.143813191271306-23.965502144139577j)
252,699.8040000000001,(-20.999999999999904+6.4728249366624e-16j),(36.96452684179576-32.3370083538823j)
253,702.581,(-17+9.845987842779184e-16j),(144.24395098530658-70.30235491621148j)
254,705.3580000000001,(-15.999999999999885+1.1697524267459552e-14j),(115.6951500528456-64.08350831971197j)
255,708.135,(-19.000000000000078+1.6078415557589605e-14j),(107.40370440437209-121.5243403632638j)
256,710.912,(-18.000000000000146+1.1572100190110458e-14j),(83.6409777962835+59.05148053766895j)
257,713.6890000000001,(-13.999999999999945-1.4784750344410755e-15j),(-12.94262408426205-33.977607923625506j)
258,716.466,(-10.99999999999985-6.496112477855624e-15j),(178.32705214574702-37.52220874037505j)
259,719.243,(-7.000000000000137-3.3155156134966858e-15j),(31.73592130526692+33.0437542400427j)
260,722.02,(-10.000000000000059-9.606796844648144e-15j),(121.90924000761656-58.59248457284014j)
261,724.797,(-8.000000000000135+2.3056770057279253e-14j),(107.9676045886175-50.668936194649696j)
262,727.5740000000001,(-8.999999999999877-1.3577902424824851e-14j),(-23.17531386767721-22.995478319645528j)
263,730.351,(-9.999999999999826-1.5571757968273273e-14j),(51.472775299443626-31.169029436489325j)
264,733.128,(-9.000000000000048+4.121235050705233e-15j),(-16.935703044349964+53.48434961739679j)
265,735.9050000000001,(-9.000000000000055+2.0719652938523743e-14j),(7.541263817828906-70.36460040280512j)
266,738.682,(-10.000000000000131-1.2598246248878243e-14j),(21.560131704923208+74.59367582934034j)
267,741.4590000000001,(-11.999999999999853+2.2744990943831687e-14j),(10.956934227815438-54.26396361240245j)
268,744.236,(-16.999999999999947-5.873867228998966e-15j),(-17.56011208717991-26.259860679425657j)
269,747.013,(-20.000000000000195-3.342918107878368e-15j),(-31.471347147001325-15.900758423451663j)
270,749.7900000000001,(-20+1.6540741266143633e-14j),(32.42563627324949+39.59529531324054j)
271,752.567,(-25.000000000000217-3.0682337636377286e-15j),(-46.45656838287073-67.44512117274238j)
272,755.344,(-27.99999999999989+7.190591334434007e-15j),(-72.39516185701837-105.52531118790786j)
273,758.121,(-37.99999999999993-3.912939494534835e-15j),(-47.16872184037432-82.97920996809607j)
274,760.898,(-41.00000000000007+2.0505771241785104e-14j),(-70.40902638455442-144.33116442567854j)
275,763.6750000000001,(-49.99999999999997+1.952821753240735e-14j),(84.28439640087582-72.69554198678061j)
276,766.452,(-54.00000000000006+4.370636505455526e-15j),(19.88582797753513-24.287540171422094j)
277,769.229,(-58.999999999999886+3.8203135656480056e-14j),(64.62142326172807-156.83652528789773j)
278,772.0060000000001,(-67.99999999999991+1.014399880582529e-14j),(74.39043599350691-128.37531572038196j)
279,774.783,(-78.00000000000006+4.145008647275682e-14j),(-32.8255012493335-178.87853580989065j)
280,777.5600000000001,(-85.99999999999997+7.341594274954728e-15j),(-9.793085802906432-2.7136075759027705j)
281,780.337,(-96.00000000000009+2.845677682977071e-14j),(0.0032340337215330806-77.25301634314192j)
282,783.114,(-104.99999999999991-1.023147068436198e-14j),(117.19087256711134-121.30613523013278j)
283,785.8910000000001,(-112.99999999999991+1.4531294099236846e-14j),(105.91043076249804-49.911681994709j)
284,788.668,(-120.99999999999994+1.1833742412289502e-14j),(75.56400422692332-184.90087377734778j)
285,791.445,(-134.00000000000017-1.8294947168298523e-14j),(108.60611327101677-63.60609455837265j)
286,794.2220000000001,(-148.00000000000009+4.416124600053991e-15j),(63.58947584550131-5.340997858261943j)
287,796.999,(-156.99999999999983+8.959457475103807e-15j),(139.5649793662009-75.0503044070642j)
288,799.7760000000001,(-163.9999999999999+6.573498209581093e-15j),(104.16878433760151+31.613711404639616j)
289,802.553,(-174.00000000000017+1.2923274244938817e-14j),(134.64249043559516-124.05551689405463j)
290,805.33,(-183.0000000000001-4.922663327400586e-15j),(139.2435533037928-10.396532873995852j)
291,808.1070000000001,(-194.0000000000001-2.4643125119003614e-14j),(76.46898251327153-39.20803348784929j)
292,810.884,(-199.9999999999999-1.573598566314461e-14j),(157.69851478265056-8.000567371251208j)
293,813.6610000000001,(-208.99999999999983-1.2563875017812388e-14j),(140.9995940501421+33.9600035011197j)
294,816.438,(-215.0000000000001-3.501589884215697e-14j),(82.73953980776346+4.791385249553656j)
295,819.215,(-215.0000000000001-6.1283744818160026e-15j),(72.90371076133414-34.57524231602983j)
296,821.9920000000001,(-220.0000000000001-1.6654475979203073e-14j),(67.9734717247-19.141137716447133j)
297,824.769,(-223.99999999999983-2.8134132372708035e-14j),(50.518442925411875+41.7614100039304j)
298,827.546,(-226.9999999999998-1.763649886994213e-14j),(19.764422754336515+59.18764887871252j)
299,830.3230000000001,(-220.99999999999994-5.709100215361423e-15j),(96.09021062608292-16.758813830654915j)
300,833.1,(-213.99999999999997+3.454229186295291e-14j),(84.79408201494424-18.893756603427676j)
301,835.8770000000001,(-206.00000000000006+3.089009301887945e-15j),(-56.56842468849068-57.544752244236065j)
302,838.654,(-204.99999999999994+6.6753272781369764e-15j),(-23.3393172345352-26.742732715276574j)
303,841.431,(-194.99999999999994+3.0899960246544775e-14j),(-97.16169535030951-23.007147208570018j)
304,844.2080000000001,(-186.00000000000009-3.643126380282369e-15j),(7.418738411378513-38.23516684271195j)
305,846.985,(-176-5.6584333099024725e-15j),(-1.6477241522101878-67.97321889339929j)
306,849.7620000000001,(-161.0000000000001-2.3864727216546013e-14j),(76.98547653002652-111.56927755048525j)
307,852.539,(-149.99999999999986-1.4061338898636259e-14j),(-32.60041200537398-76.49816357761799j)
308,855.316,(-135.99999999999991+1.2244727727044295e-14j),(-25.013279269424984-51.4075725922016j)
309,858.0930000000001,(-127.00000000000009-9.83708707993311e-16j),(54.87389492850507-47.39847977794746j)
310,860.87,(-115.00000000000003+1.2075039376729126e-14j),(27.65775323762489-3.69259598500156j)
311,863.647,(-104.00000000000014+6.889913362802377e-16j),(113.9171869190975-137.65922464669512j)
312,866.4240000000001,(-89+1.7845615038033983e-15j),(52.16561728295133-101.45981449313553j)
313,869.201,(-76.99999999999989+3.931267725184231e-15j),(10.87275267326919-95.15744308342346j)
314,871.9780000000001,(-62.00000000000021-7.198611998863653e-16j),(23.02560276283458-95.45735459273902j)
315,874.755,(-56.00000000000008+2.5305790021977613e-14j),(11.442326339742294-62.03292698669645j)
316,877.532,(-50.000000000000014-7.668336343332778e-15j),(137.91904743209963-65.50062982034626j)
317,880.3090000000001,(-38.9999999999999+7.113600793471842e-15j),(106.83308449010133-17.29764418933246j)
318,883.086,(-29.999999999999762+1.0361727855404233e-14j),(60.04426370481326-206.41746560343762j)
319,885.863,(-20.000000000000163-2.6173482576849853e-15j),(94.61999732293054-90.98777474658743j)
320,888.6400000000001,(-13.999999999999897+1.7160211556941362e-14j),(26.55093491978073-0.16097028885241116j)
321,891.417,(-12.000000000000053-3.4315428448208174e-15j),(78.40517257430565-56.117062358806066j)
322,894.1940000000001,(-8.999999999999922-4.257542871776669e-16j),(152.35612027493687-48.01585011883631j)
323,896.971,(-9.99999999999993+3.7544171102378044e-14j),(142.6554890746118-147.75651402008071j)
324,899.748,(-4.000000000000116-9.407670352442155e-15j),(56.766104032881564-33.83239962666005j)
325,902.5250000000001,(1.9999999999999856+3.001102660348053e-14j),(14.327437916131203-17.923707185759838j)
326,905.302,(6.999999999999967+1.8462922985663288e-14j),(95.83531843550873+20.49935966681855j)
327,908.0790000000001,(4.000000000000087+3.132388555528696e-14j),(57.70144457631443+30.12097279481833j)
328,910.856,(7.000000000000099+9.646341889263274e-15j),(135.6036168464557-62.44944881088523j)
329,913.633,(7.999999999999925-2.1504348277405754e-15j),(125.2787258645867+33.16992489980237j)
330,916.4100000000001,(13.999999999999979-1.8326908049969618e-15j),(36.85169002152452-6.179490174199856j)
331,919.187,(17.999999999999904+2.48670213474468e-14j),(77.9704746497055+39.31826571021054j)
332,921.964,(17.00000000000011-1.1602810780010157e-14j),(8.11307067910127+47.33854988846383j)
333,924.7410000000001,(14.000000000000076-6.930981077843083e-14j),(89.2816260006529-91.10288744566583j)
334,927.518,(13.999999999999904-2.936074667252411e-14j),(90.75521088237957+139.50755319030569j)
335,930.2950000000001,(15.999999999999954+2.836627760405216e-14j),(-12.35436536101679-41.452611227868374j)
336,933.072,(16.99999999999989-3.4265188665314984e-17j),(60.90846253610721+59.44209572222678j)
337,935.849,(23.000000000000007-5.0166171980985056e-15j),(-62.48733106555733+34.160327178934324j)
338,938.6260000000001,(23.0000000000001-2.706764663049056e-14j),(35.317308497690306-12.517035795641846j)
339,941.403,(19.99999999999975+1.5973594689593423e-14j),(39.50269905211735+11.659072069739665j)
340,944.1800000000001,(19.999999999999886+2.4575820243579307e-14j),(40.28275012443248-112.22067941804369j)
341,946.957,(18.999999999999996+2.5296769717744076e-15j),(74.67626852103172-41.846879494363066j)
342,949.734,(20.000000000000085+9.93561723519803e-15j),(7.554249852143471-72.4019698955799j)
343,952.5110000000001,(22.000000000000195+2.5327833570626885e-15j),(80.13071121569484+9.668564214631374j)
344,955.288,(22.999999999999797+3.2228044109601564e-15j),(-24.92908342698479-33.44602400754934j)
345,958.065,(22.000000000000117+1.9468849178522195e-14j),(58.36642403656708-80.00725431003559j)
346,960.8420000000001,(17.999999999999943-2.5288343657562957e-14j),(-12.191496156394692-125.19149736215513j)
347,963.619,(16.0000000000001+3.208827750127681e-16j),(23.63137624482897-110.94226321928505j)
348,966.3960000000001,(20.000000000000043-4.626134971406369e-14j),(27.955436769805033-74.72866990093127j)
349,969.173,(21.999999999999922+2.6390857799251423e-15j),(-9.143316480441285-51.44869877701649j)
350,971.95,(21.000000000000043+5.2534806066941074e-15j),(125.17893643044627-71.77330373139807j)
351,974.7270000000001,(15.999999999999956+2.0177280963117388e-14j),(87.9627503249908-150.8506913902554j)
352,977.504,(14.00000000000008+2.360184526252868e-15j),(39.805237816524254-110.40057681294047j)
353,980.2810000000001,(15.000000000000094-1.2919840842147513e-14j),(106.68804695166875-68.5457322557902j)
354,983.058,(17.999999999999986+2.0830803585999775e-14j),(-22.34291188145035-35.78448617909703j)
355,985.835,(18.000000000000053+1.2857700448848948e-14j),(139.0755746155313-37.17267778688398j)
356,988.6120000000001,(19.999999999999893-1.2864236075190084e-14j),(119.92946341593051-35.568131721915j)
357,991.389,(19.000000000000068+1.3416185155286012e-14j),(128.25541748781325-126.85581868584495j)
358,994.166,(13.00000000000009-3.3689532073054776e-14j),(105.70346131410092-3.8933448776361956j)
359,996.9430000000001,(14.000000000000048+2.5354675167468435e-14j),(75.84963824070701+3.0830113016315863j)
360,999.72,(15.999999999999837+3.254786620166704e-17j),(107.88425915744665-46.06490946913891j)
361,1002.4970000000001,(18+3.2722149357912456e-14j),(117.91017549938937+110.78713619901646j)
362,1005.274,(18.000000000000203+1.5814423486013534e-15j),(82.09330178344942-20.47800485014193j)
363,1008.051,(17.00000000000016-7.211786186391821e-15j),(105.12565133814883-12.543241522285257j)
364,1010.8280000000001,(9.999999999999796+1.3645426579821368e-14j),(20.199227176090517-141.05023095222748j)
365,1013.605,(9.999999999999826-1.7672750338147422e-14j),(69.54013627319421-18.363341898474005j)
366,1016.3820000000001,(10.999999999999854-4.9984990975219075e-15j),(44.84073617236868+61.746158808168275j)
367,1019.1590000000001,(13.000000000000146+4.556033775557604e-15j),(72.29811772196484+54.0727344422711j)
368,1021.936,(14.000000000000117+2.0337356593212153e-14j),(56.34229488598521+67.06814168378384j)
369,1024.713,(12.999999999999885+2.1796676612593932e-14j),(17.364515324177262-54.01848012807136j)
370,1027.49,(13.999999999999899+9.714226576373242e-15j),(44.02374330768339+6.801649391535648j)
371,1030.267,(11.999999999999826+3.57725953042492e-14j),(-91.54951657217953+13.334494661476299j)
372,1033.044,(13.000000000000107+1.3269668173800282e-15j),(65.90963667588017+2.4495987350649955j)
373,1035.8210000000001,(13.000000000000156+1.637057553943987e-14j),(-38.19176306854027+37.50629920075676j)
374,1038.598,(16.000000000000014-5.220031532020372e-14j),(37.38254952544435-59.810508016656115j)
375,1041.375,(9.000000000000153+2.7514175641889104e-14j),(-32.37406229844487+40.87153698150405j)
376,1044.152,(7.9999999999998765-4.009249228063964e-14j),(-20.82347331470305-80.99905006809331j)
377,1046.929,(8.000000000000105+8.000185780108838e-15j),(43.04757159740552-8.360202805361723j)
378,1049.7060000000001,(9.999999999999986-1.2541027321783997e-14j),(46.65707822331126+51.676228316703146j)
379,1052.483,(12.000000000000163-2.7944210795316288e-14j),(87.28167173336851-46.71421881584121j)
380,1055.26,(13.999999999999895+1.3690951625349919e-15j),(22.0989231317335-79.21265092025953j)
381,1058.037,(9.999999999999835+2.8175789089788418e-15j),(-27.38822920027468-128.9929423512417j)
382,1060.814,(7.0000000000001+3.498016345781349e-14j),(77.83009795942462-35.072978936001846j)
383,1063.5910000000001,(5.000000000000182+4.070840984457547e-14j),(12.890101969455145-72.66779676040869j)
384,1066.368,(7.9999999999998215+3.2000279017654754e-14j),(121.94925673961126-63.093772046655346j)
385,1069.145,(13.000000000000007+4.904796105836127e-14j),(71.4738417969213+5.704555849235135j)
386,1071.922,(10.999999999999888+2.0032686820700376e-14j),(50.20442426942534-133.08765179008253j)
387,1074.699,(6.000000000000175+6.309271399762403e-14j),(75.82897750859263-85.47351309587248j)
388,1077.476,(8.000000000000174-2.576412917467345e-14j),(15.410069840925757-126.25628388789278j)
389,1080.2530000000002,(8.999999999999957-4.696649122544117e-16j),(139.55924648346792-63.75060456274724j)
390,1083.03,(12.999999999999964-2.736638646436948e-14j),(82.99237409660441-31.35807824453059j)
391,1085.807,(16.99999999999989+2.3799845670599892e-14j),(83.71257403385448-80.70559788481694j)
392,1088.584,(13.000000000000146-1.594383736405428e-14j),(112.1473019137311+6.709898572136723j)
393,1091.361,(11.000000000000021+7.026877586976349e-16j),(54.258835730757255-54.89462029558672j)
394,1094.1380000000001,(7.99999999999976-2.0449406751181677e-14j),(124.30802863674137-3.3420221367221075j)
395,1096.915,(10.000000000000004+1.7903124871389066e-14j),(42.328525519504126-52.05638122864781j)
396,1099.692,(11.999999999999837-1.9755306281320265e-14j),(83.40171764020721-25.611940985760384j)
397,1102.469,(14.000000000000098+8.697528800628894e-15j),(141.20383680760642+29.411127226254393j)
398,1105.246,(16.000000000000046+6.561490852466908e-15j),(52.741892333526266-29.674504292117263j)
399,1108.0230000000001,(11.999999999999996+1.2193704998098456e-14j),(104.43159396338285-9.450299273622022j)
400,1110.8,(9.000000000000043-4.1074799222400426e-15j),(76.97058314502647-35.897214654875114j)
401,1113.577,(6.999999999999979-7.077924737813725e-15j),(103.63987527978833+39.70842190485929j)
402,1116.354,(14.000000000000094-1.3827474716342744e-14j),(30.47053254319472-45.31600507348619j)
403,1119.131,(18.00000000000009-5.59528043408932e-15j),(89.50453531938433-31.126665595344562j)
404,1121.9080000000001,(16.99999999999997-1.6583341552998403e-14j),(113.39375762373345-9.343137155045184j)
405,1124.685,(16.00000000000008-2.377813977938926e-14j),(28.720157580050973+41.89214885662163j)
406,1127.462,(16.999999999999893-1.2785223111149541e-14j),(42.26449477991078+23.556190512765173j)
407,1130.239,(18.000000000000117-2.4912119051542024e-14j),(-4.114878437476278+23.171049706198076j)
408,1133.016,(21.00000000000008-2.944123968838189e-14j),(97.61488553246758-47.15315335839837j)
409,1135.7930000000001,(24.00000000000002-2.8044330047053893e-14j),(31.38386564966478-8.300564658396425j)
410,1138.5700000000002,(25.999999999999805-1.4171901398765377e-14j),(-19.200639724833188-45.68283630711223j)
411,1141.347,(28.999999999999975+4.950648742255342e-15j),(-8.697820762089833+10.317251231841887j)
412,1144.124,(30.000000000000174-2.128726489438553e-14j),(9.030292497128082-21.80474108118969j)
413,1146.901,(28.000000000000117-1.5217833951011617e-14j),(75.89985332646052-40.70242381602671j)
414,1149.678,(28.99999999999979-8.44374611810362e-15j),(5.369442192050123-53.80965301974j)
415,1152.4550000000002,(30.99999999999986+1.9538277417823737e-14j),(64.82336031822865-60.084623890004394j)
416,1155.232,(34.99999999999993-8.878346709018957e-15j),(16.580483028862535+13.499006561647931j)
417,1158.009,(34.000000000000085+4.703847432119293e-15j),(-17.539291127396844-24.707263747899802j)
418,1160.786,(35.00000000000006-1.0259636250110364e-14j),(54.88128552196722-108.32218913652044j)
419,1163.563,(35.99999999999988+8.216563628160779e-15j),(41.096575947127114-20.383035796712186j)
420,1166.3400000000001,(36.9999999999999-6.163169572229781e-15j),(61.704374498542954-85.97172526018984j)
421,1169.117,(40.999999999999886+2.4774787077597396e-15j),(86.03138908486821-72.08438421492033j)
422,1171.894,(40.00000000000012+2.662463027821036e-14j),(43.09989827669416-11.400336110088894j)
423,1174.671,(39.00000000000014+3.0082531047770906e-14j),(24.447607035252-69.15715169834633j)
424,1177.448,(37.999999999999986+5.775937652965424e-15j),(93.4670457527138+21.405078505103738j)
425,1180.2250000000001,(38.000000000000014+6.37796513817909e-15j),(72.26180712852504+0.2682122585708733j)
426,1183.002,(39.99999999999998-1.5859324091995214e-14j),(95.3233474307284-23.400814482497648j)
427,1185.779,(39.00000000000011-7.672418281497815e-15j),(75.35111054891097-51.8583969835989j)
428,1188.556,(39.0000000000001+1.359839891804521e-15j),(96.93722244485515+16.92075733551347j)
429,1191.333,(32.999999999999936-3.7083113992711535e-15j),(46.18023755429256-1.9825903774056073j)
430,1194.1100000000001,(27.999999999999968+8.77201539169077e-15j),(148.8131408613675-52.6513330915836j)
431,1196.8870000000002,(29.99999999999992+8.61440589508356e-15j),(127.73309364416916-4.772777831607321j)
432,1199.664,(27.00000000000013+5.3844475721507344e-15j),(63.30572818064308+2.21049671702934j)
433,1202.441,(30.000000000000096+2.3347333382451953e-14j),(107.3356113017548-9.076245984986869j)
434,1205.218,(33.999999999999915+4.0394871464870183e-14j),(-4.989633968336802+63.55845113030484j)
435,1207.9950000000001,(28.99999999999994-9.906373950862482e-15j),(124.1683592864795-1.5396496809775257j)
436,1210.7720000000002,(26.999999999999936-1.538258907309051e-14j),(99.835870840759+18.84461140851726j)
437,1213.549,(28.999999999999993-1.5471736867056335e-14j),(76.91461083500297+55.65792627915267j)
438,1216.326,(27.00000000000009+1.3372107004632431e-14j),(45.88461865458068+10.053833760476866j)
439,1219.103,(26.999999999999808-2.4279948967989746e-14j),(49.35122966336296-18.798951914315623j)
440,1221.88,(21.999999999999936+1.4810117829567907e-14j),(83.05101639571228+28.150195916062074j)
441,1224.6570000000002,(18.999999999999982+1.0181129071855498e-14j),(89.21348685320679+43.35953560948742j)
442,1227.434,(13.000000000000071-2.101686095113815e-14j),(87.770449183828-55.34894337412473j)
443,1230.211,(14.0000000000002+8.370478851690086e-15j),(16.68509071703396+4.952007807303055j)
444,1232.988,(12.999999999999822+7.287614902123222e-15j),(-22.289985882677072-4.120999126436587j)
445,1235.765,(12.000000000000076+2.5057060778683017e-14j),(71.6164956387208-6.7363580188402885j)
446,1238.5420000000001,(13.999999999999899+3.413993536776519e-14j),(-0.7453705697547903-10.995692239506868j)
447,1241.319,(6.000000000000059+9.275336542579204e-15j),(14.637146395636048-14.323904046687133j)
448,1244.096,(5.000000000000062-4.2246693596523634e-14j),(24.96201407978869-5.41630919949224j)
449,1246.873,(1.9999999999998872+1.1212087178389408e-14j),(18.738362362758373-37.03153213426522j)
450,1249.65,(5-4.989015638625743e-15j),(-22.309482829633723-11.821424888611489j)
451,1252.4270000000001,(8.000000000000014+1.4189399095256624e-14j),(59.48849527230454+36.69514690527653j)
452,1255.204,(4.000000000000095-3.8325888433454444e-14j),(31.27825520132565-17.605886596133704j)
453,1257.981,(2.000000000000098-1.714059606171146e-15j),(21.834199158941264-59.50790884988934j)
454,1260.758,(1.9999999999999565-2.0585534581694014e-15j),(86.35823477662214-46.75444726409809j)
455,1263.535,(-3.274180926382542e-14-3.854739543847925e-15j),(83.40387816228584-55.41361731021768j)
456,1266.3120000000001,(0.9999999999998872-7.443799299687573e-15j),(59.730083673372896-35.12525040673675j)
457,1269.0890000000002,(6.000000000000168+1.6435856657175776e-14j),(14.312959376225933+0.5141521533997491j)
458,1271.866,(2.0000000000000764-1.326378795625471e-14j),(69.85040830492147-18.87632960636711j)
459,1274.643,(-1.0000000000000802-2.0333081063147392e-14j),(-15.303951263348411-26.016947536251244j)
460,1277.42,(-4.000000000000022+2.373144450817216e-14j),(122.4134901128728-42.6979107727565j)
461,1280.1970000000001,(-4.000000000000069-2.6825344421108547e-15j),(13.447955983358076-16.696750684762456j)
462,1282.9740000000002,(-4+1.4168238853623534e-14j),(119.5524525717006+34.890126257508314j)
463,1285.751,(1.000000000000131-2.935743575556763e-15j),(88.82479370895541+22.161956208791707j)
464,1288.528,(-1.0000000000002183-3.630845735180605e-14j),(99.5959924044137-18.38078071204388j)
465,1291.305,(-5.820766091346741e-14-4.285049537577937e-15j),(60.63152919447102-28.577483559485817j)
466,1294.082,(-3.9999999999999636-2.2025930450073248e-14j),(26.870063349628786-50.29576674531723j)
467,1296.8590000000002,(-2.9999999999999636+9.101186166919583e-15j),(71.53591840665776-39.15655165014002j)
468,1299.636,(-1.9999999999997817-2.3371751667465422e-14j),(116.49160988376472+66.81262337300373j)
469,1302.413,(0.9999999999997891-2.0482749302066243e-14j),(66.02813397738251+49.50044268839841j)
470,1305.19,(-2.9999999999999054+1.0037341618037546e-14j),(45.776753205874726+88.17148600911848j)
471,1307.967,(-13.000000000000087+8.928589151045622e-15j),(104.81761503924017+33.51281203130756j)
472,1310.7440000000001,(-28.999999999999915-1.3248992926646478e-14j),(34.58297578248465-0.8000033506557163j)
473,1313.521,(-38.999999999999964-1.7274500305565287e-14j),(80.055353429738+25.924943280222234j)
474,1316.298,(-38.00000000000015-8.62869686975289e-15j),(79.70670891235383+52.50691152558723j)
475,1319.075,(-31.99999999999997-2.0589493767183295e-14j),(81.31252475525312+30.464599909817025j)
476,1321.852,(-15.000000000000059-1.46671933228944e-14j),(54.43248522096199-23.335637102431104j)
477,1324.6290000000001,(-3.999999999999913+2.377647071758835e-14j),(16.169952112551712+59.43485724989028j)
478,1327.4060000000002,(33.000000000000085-2.5780075122663687e-14j),(2.002301496433251-10.5892588094219j)
479,1330.183,(94.99999999999997-1.856068929173966e-14j),(79.15924924974394-18.316472955061542j)
480,1332.96,(176.00000000000009-4.005725336070311e-15j),(-33.54422415187212-5.4794703105732765j)
481,1335.737,(263.9999999999999-8.465647553157088e-15j),(62.95474479109935-7.746053991570427j)
482,1338.5140000000001,(335.0000000000001-1.0650103934845606e-14j),(39.36027133503012+40.374029780436146j)
483,1341.2910000000002,(394.00000000000006-1.212956329437864e-15j),(4.711473318506073+30.21892052283185j)
484,1344.068,(437.0000000000001-3.4963656294149755e-14j),(9.765747570304814+14.28197249908797j)
485,1346.845,(453.9999999999998+8.539198595991829e-15j),(38.82455680687649-51.59995663700373j)
486,1349.622,(430.99999999999994-7.41236042873425e-15j),(43.966333864846675-17.95338483556842j)
487,1352.3990000000001,(363.00000000000017-3.825657448181908e-14j),(26.04924057048624+26.604613363256604j)
488,1355.1760000000002,(247.00000000000014-1.764397210987452e-14j),(15.808589427754368-29.23430212716123j)
489,1357.953,(124.9999999999998-1.9457067993646758e-14j),(64.75627870360579-25.596189220902602j)
490,1360.73,(32.99999999999983+4.9523109961108755e-15j),(65.4039732597323-43.78863531953618j)
491,1363.507,(-13.000000000000087-1.9943803616713673e-14j),(135.00245954395655-39.16224567737511j)
492,1366.284,(-24.999999999999897-1.0240376399234118e-14j),(54.5216898494151+42.602338109186206j)
493,1369.0610000000001,(-20.999999999999915-9.814076550915057e-15j),(66.36544416922744-35.48177069044462j)
494,1371.838,(-14.000000000000146+1.6690137991814038e-14j),(13.116571287667888+30.247314965437106j)
495,1374.615,(2.9999999999998543-3.654958521397094e-14j),(51.229069747940024-96.67113153325164j)
496,1377.392,(12.999999999999826-2.6525462632830366e-14j),(97.17933424529708+49.62399402502136j)
497,1380.169,(13.000000000000059-3.6231764850630486e-15j),(40.85034719115541+15.142858940903196j)
498,1382.9460000000001,(10.000000000000131+5.4727025849722955e-15j),(51.418096952159345+7.949240548698846j)
499,1385.723,(8.000000000000014-1.325689699234335e-14j),(78.20607754266558+47.97883985974387j)
500,1388.5,(5.0000000000001315-1.4711419742194312e-14j),(130.0000000000003+7.815970093361102e-14j)
501,1391.277,(1.9999999999998836-1.6135653947088358e-14j),(78.20607754266574-47.978839859743275j)
502,1394.054,(-0.9999999999999418+7.178129471568159e-15j),(51.418096952159566-7.949240548698626j)
503,1396.8310000000001,(-1.0000000000000582-2.9546311171896905e-14j),(40.850347191154974-15.142858940904333j)
504,1399.6080000000002,(-5.999999999999869-1.219652754412666e-14j),(97.17933424529667-49.62399402502123j)
505,1402.385,(-8.000000000000101-2.5349680017523837e-15j),(51.22906974793954+96.67113153325127j)
506,1405.162,(-10.000000000000174+3.601356093353949e-15j),(13.116571287668172-30.247314965436644j)
507,1407.939,(-15-4.520828882660869e-15j),(66.36544416922675+35.48177069044473j)
508,1410.7160000000001,(-17.999999999999897+3.2207980669193205e-14j),(54.5216898494152-42.60233810918646j)
509,1413.4930000000002,(-17.00000000000019+6.773404694230429e-15j),(135.00245954395626+39.16224567737559j)
510,1416.27,(-14.000000000000059-1.3041383182025865e-14j),(65.40397325973356+43.78863531953773j)
511,1419.047,(-14.00000000000016-3.2733418959487625e-14j),(64.75627870360597+25.596189220903028j)
512,1421.824,(-17.99999999999986-9.514650457054057e-15j),(15.8085894277548+29.2343021271614j)
513,1424.601,(-18.99999999999984+6.719162993671173e-15j),(26.049240570485445-26.604613363257045j)
514,1427.3780000000002,(-23.00000000000003+3.0740678726054086e-14j),(43.96633386484656+17.953384835567633j)
515,1430.155,(-22.00000000000006-9.324287353470874e-15j),(38.82455680687782+51.599956637003615j)
516,1432.932,(-18.000000000000124+1.4820169168279756e-14j),(9.76574757030523-14.28197249908851j)
517,1435.709,(-16.999999999999854-2.5407863428054556e-14j),(4.711473318506922-30.218920522833486j)
518,1438.486,(-16.999999999999964+7.727829303435527e-15j),(39.36027133502979-40.37402978043567j)
519,1441.2630000000001,(-21.00000000000023+6.966134332579191e-15j),(62.954744791099586+7.746053991570712j)
520,1444.04,(-23.999999999999993+8.371094430535813e-15j),(-33.5442241518723+5.479470310573461j)
521,1446.817,(-27.000000000000206-1.403268798988992e-14j),(79.15924924974415+18.316472955062196j)
522,1449.594,(-25.99999999999989-8.218887308313821e-15j),(2.0023014964331907+10.589258809422294j)
523,1452.371,(-26.99999999999997-1.5451707919279068e-14j),(16.169952112551016-59.43485724988918j)
524,1455.1480000000001,(-27.00000000000003+2.2320689022267964e-14j),(54.43248522096168+23.335637102432216j)
525,1457.9250000000002,(-35+8.376205944889317e-15j),(81.3125247552536-30.464599909816968j)
526,1460.702,(-33.00000000000004-8.830751420722282e-15j),(79.70670891235432-52.50691152558723j)
527,1463.479,(-32.99999999999986+1.914749588586124e-14j),(80.0553534297382-25.924943280222337j)
528,1466.256,(-30.999999999999922-8.103748400998668e-15j),(34.58297578248447+0.8000033506558353j)
529,1469.0330000000001,(-34.00000000000006-5.097407481296534e-15j),(104.81761503923984-33.512812031307895j)
530,1471.8100000000002,(-31.999999999999936-2.0630528493407795e-15j),(45.776753205875906-88.17148600911838j)
531,1474.587,(-37.0000000000001-1.762501990523748e-14j),(66.02813397738252-49.50044268839932j)
532,1477.364,(-32.9999999999999+9.998176257001866e-15j),(116.49160988376397-66.8126233730038j)
533,1480.141,(-32.999999999999886+1.3762550882817768e-14j),(71.53591840665841+39.156551650140045j)
534,1482.9180000000001,(-32.999999999999964+6.784351818477718e-15j),(26.870063349627884+50.29576674531768j)
535,1485.6950000000002,(-27.000000000000227-4.540873065477229e-14j),(60.631529194471014+28.57748355948621j)
536,1488.472,(-24.000000000000018-9.228906072812867e-15j),(99.59599240441315+18.380780712044043j)
537,1491.249,(-24.999999999999815-4.6719624621585784e-14j),(88.82479370895543-22.161956208790812j)
538,1494.026,(-26.999999999999883+3.3267992345800336e-16j),(119.55245257170048-34.8901262575088j)
539,1496.803,(-24.00000000000024+1.3979801185393808e-14j),(13.447955983357758+16.69675068476232j)
540,1499.5800000000002,(-16.000000000000124-5.585260920163707e-15j),(122.41349011287349+42.69791077275599j)
541,1502.357,(-11.000000000000169-6.0901896219056116e-15j),(-15.303951263348324+26.016947536251223j)
542,1505.134,(-6.999999999999935-3.162802418073593e-15j),(69.85040830492213+18.87632960636722j)
543,1507.911,(-7.999999999999941-1.207394679530691e-14j),(14.312959376226772-0.5141521534002464j)
544,1510.688,(-5.00000000000012+2.0411740172786656e-14j),(59.73008367337292+35.12525040673691j)
545,1513.4650000000001,(-2.0000000000000826+1.6878444819140247e-15j),(83.40387816228571+55.413617310218186j)
546,1516.242,(1.999999999999829+1.9846621888751914e-14j),(86.35823477662292+46.75444726409762j)
547,1519.019,(7.00000000000008-3.581039702564659e-14j),(21.834199158941573+59.50790884988925j)
548,1521.796,(13.000000000000163+4.5008858527158464e-14j),(31.278255201326004+17.605886596134113j)
549,1524.573,(11.000000000000036+1.0492968740635648e-14j),(59.48849527230519-36.695146905275806j)
550,1527.3500000000001,(15.000000000000002+1.2247239032601013e-14j),(-22.309482829633602+11.821424888611318j)
551,1530.1270000000002,(14.999999999999988+1.139759195591367e-14j),(18.73836236275895+37.03153213426356j)
552,1532.904,(20.00000000000014+2.12462489522892e-15j),(24.962014079788418+5.416309199492105j)
553,1535.681,(26.000000000000085+3.008954561894549e-15j),(14.637146395636378+14.323904046687176j)
554,1538.458,(30.99999999999993+3.748603987790102e-14j),(-0.7453705697555435+10.995692239506468j)
555,1541.2350000000001,(28.999999999999968-1.2509126289150592e-14j),(71.61649563872176+6.736358018840136j)
556,1544.0120000000002,(34.99999999999991+3.1905535505470364e-14j),(-22.289985882677+4.120999126435727j)
557,1546.789,(39.00000000000018-7.002717573729977e-15j),(16.685090717033233-4.9520078073035165j)
558,1549.566,(44.0000000000001+1.8044748402517194e-15j),(87.77044918382782+55.3489433741247j)
559,1552.343,(52.99999999999994+2.1075073547598507e-14j),(89.21348685320663-43.35953560948809j)
560,1555.1200000000001,(52.99999999999996+2.177411038682121e-14j),(83.05101639571244-28.150195916062103j)
561,1557.8970000000002,(53.99999999999987+4.045060588830336e-14j),(49.35122966336291+18.798951914314557j)
562,1560.674,(56.00000000000003-1.0877731419309095e-14j),(45.88461865458041-10.053833760476635j)
563,1563.451,(56.00000000000011+6.6279076161211485e-15j),(76.91461083500252-55.65792627915332j)
564,1566.228,(60.99999999999983+3.2861455976099912e-15j),(99.83587084075995-18.84461140851866j)
565,1569.005,(64.99999999999994+8.956066470785288e-15j),(124.16835928647964+1.5396496809769644j)
566,1571.7820000000002,(66.00000000000006+3.3495731109647394e-15j),(-4.98963396833679-63.558451130304604j)
567,1574.559,(64.00000000000016-1.846102339664093e-14j),(107.33561130175427+9.076245984986514j)
568,1577.336,(71.0000000000003+2.1174623094179406e-14j),(63.305728180643655-2.210496717029571j)
569,1580.113,(70.99999999999986+2.6007703786299784e-14j),(127.73309364416936+4.772777831607414j)
570,1582.89,(85.00000000000009+3.363821132763949e-14j),(148.81314086136803+52.65133309158449j)
571,1585.6670000000001,(92.99999999999994-6.6229551379736506e-15j),(46.1802375542926+1.9825903774064813j)
572,1588.4440000000002,(99.00000000000009+1.6697550404801983e-14j),(96.93722244485448-16.920757335513912j)
573,1591.221,(102.0000000000001+2.3729545060853333e-14j),(75.35111054890984+51.85839698359811j)
574,1593.998,(99.99999999999991+3.9507599815845434e-15j),(95.32334743072909+23.400814482497864j)
575,1596.775,(87.00000000000003-2.5950539873451962e-15j),(72.26180712852495-0.2682122585710829j)
576,1599.5520000000001,(63+1.2828465565435549e-14j),(93.46704575271401-21.40507850510403j)
577,1602.3290000000002,(12.00000000000009+3.932801823428506e-15j),(24.447607035252247+69.15715169834573j)
578,1605.106,(-62.99999999999991+3.121707501945273e-14j),(43.099898276693864+11.400336110089029j)
579,1607.883,(-167.00000000000006-5.1694736479379295e-15j),(86.0313890848683+72.0843842149217j)
580,1610.66,(-265.00000000000006-5.201983433792115e-14j),(61.70437449854245+85.97172526018957j)
581,1613.4370000000001,(-344.0000000000001-6.786393050958683e-15j),(41.096575947126986+20.383035796712306j)
582,1616.2140000000002,(-400.9999999999999-1.4567033715523097e-14j),(54.88128552196673+108.32218913651968j)
583,1618.991,(-425-8.3135019307145e-15j),(-17.53929112739644+24.707263747899333j)
584,1621.768,(-418-3.7083562507578773e-14j),(16.5804830288615-13.499006561647882j)
585,1624.545,(-360.0000000000001-3.1913703899557826e-14j),(64.8233603182307+60.084623890003485j)
586,1627.3220000000001,(-236.00000000000014-2.8086285045406054e-14j),(5.369442192050897+53.80965301973947j)
587,1630.0990000000002,(-109.99999999999996+5.722730013847416e-15j),(75.89985332645995+40.70242381602691j)
588,1632.876,(15.000000000000146-6.432813778134153e-15j),(9.030292497127789+21.804741081189633j)
589,1635.653,(98.99999999999983-1.6320567488492115e-14j),(-8.697820762089393-10.317251231842391j)
590,1638.43,(79.99999999999991-5.6252719741731265e-14j),(-19.200639724833735+45.682836307112666j)
591,1641.207,(52.99999999999995-5.185885821901339e-15j),(31.3838656496643+8.300564658396738j)
592,1643.9840000000002,(40.000000000000085+1.728158454071587e-14j),(97.61488553246839+47.15315335839824j)
593,1646.761,(41.000000000000234+2.2690570707481983e-14j),(-4.114878437477188-23.17104970619738j)
594,1649.538,(45.999999999999844+1.9506044248535683e-14j),(42.26449477991065-23.556190512765426j)
595,1652.315,(43.00000000000012-3.299866159465352e-14j),(28.720157580049673-41.8921488566223j)
596,1655.092,(34.99999999999994+1.7443224168861867e-14j),(113.39375762373372+9.34313715504581j)
597,1657.8690000000001,(24.000000000000117+1.538068904297843e-15j),(89.50453531938376+31.126665595345685j)
598,1660.6460000000002,(11.000000000000071-1.8966751892390548e-14j),(30.470532543194686+45.316005073484526j)
599,1663.423,(-1.0000000000001128-9.351099115639914e-15j),(103.63987527978807-39.70842190485925j)
600,1666.2,(-9.99999999999997+6.52468844383132e-15j),(76.97058314502647+35.897214654875114j)
601,1668.977,(-12.000000000000052+2.2799396246907294e-14j),(104.43159396338268+9.450299273622178j)
602,1671.7540000000001,(-17.999999999999893+1.4356708917056464e-14j),(52.74189233352547+29.67450429211743j)
603,1674.5310000000002,(-19.99999999999987-6.1000764624625865e-15j),(141.2038368076087-29.411127226254493j)
604,1677.308,(-23.000000000000036+2.820284837971612e-14j),(83.4017176402075+25.61194098576155j)
605,1680.085,(-20.999999999999904-7.800095685915214e-15j),(42.328525519504204+52.056381228648036j)
606,1682.862,(-22.000000000000085+3.0872208587350444e-14j),(124.30802863674045+3.3420221367225587j)
607,1685.6390000000001,(-15.999999999999918+1.2412223414957659e-16j),(54.25883573075643+54.89462029558585j)
608,1688.4160000000002,(-18.99999999999989+3.654970388774136e-14j),(112.14730191372983-6.709898572136481j)
609,1691.193,(-19.999999999999957+7.74324578217708e-15j),(83.71257403385405+80.7055978848169j)
610,1693.97,(-21.00000000000018-6.747258469135625e-15j),(82.99237409660321+31.358078244531523j)
611,1696.747,(-23.000000000000046-4.298348353816679e-14j),(139.5592464834673+63.75060456274692j)
612,1699.5240000000001,(-24.99999999999984+1.4945523874484707e-14j),(15.410069840925862+126.25628388789258j)
613,1702.3010000000002,(-21.999999999999876-1.7920563359079965e-14j),(75.82897750859394+85.47351309587444j)
614,1705.078,(-23.000000000000153-1.806632242742845e-14j),(50.20442426942575+133.08765179008236j)
615,1707.855,(-25.00000000000013-1.927807458164683e-14j),(71.47384179692227-5.704555849236186j)
616,1710.632,(-29.000000000000114+2.1058557364436066e-14j),(121.94925673961131+63.09377204665539j)
617,1713.409,(-25.999999999999904-3.518167971283182e-14j),(12.890101969455664+72.66779676041052j)
618,1716.1860000000001,(-25.99999999999987+5.718407843363679e-15j),(77.83009795942431+35.07297893600146j)
619,1718.9630000000002,(-24.00000000000008-3.1253542121518064e-14j),(-27.388229200274047+128.99294235124285j)
620,1721.74,(-21.00000000000013-2.113162160895729e-14j),(22.098923131734075+79.21265092025938j)
621,1724.517,(-26.000000000000107+1.6317172510272712e-14j),(87.28167173336774+46.71421881584122j)
622,1727.294,(-27.999999999999883-2.1428668179679782e-14j),(46.657078223310705-51.67622831670362j)
623,1730.0710000000001,(-26.999999999999876-2.955294474420313e-14j),(43.04757159740594+8.36020280536301j)
624,1732.8480000000002,(-24.99999999999995-2.4160966420489596e-14j),(-20.823473314703186+80.99905006809348j)
625,1735.625,(-23.99999999999987-1.6015129828178172e-14j),(-32.37406229844633-40.87153698150483j)
626,1738.402,(-30.000000000000124+1.0810471456284196e-14j),(37.38254952544422+59.81050801665555j)
627,1741.179,(-29.999999999999908+9.434384046190768e-15j),(-38.191763068540595-37.50629920075759j)
628,1743.9560000000001,(-28.00000000000006-9.272328474266841e-15j),(65.90963667588039-2.4495987350650665j)
629,1746.7330000000002,(-31.99999999999989-3.2035153708978863e-15j),(-91.54951657218119-13.334494661476107j)
630,1749.51,(-32.000000000000085-1.0383762593857882e-14j),(44.02374330768432-6.801649391534603j)
631,1752.287,(-28.000000000000128-4.359642696726072e-14j),(17.364515324178015+54.018480128071154j)
632,1755.064,(-28.99999999999993+1.1264910872293684e-14j),(56.34229488598567-67.06814168378381j)
633,1757.8410000000001,(-35.99999999999985-2.4705965075438188e-14j),(72.29811772196484-54.07273444227083j)
634,1760.6180000000002,(-38.0000000000001-1.1281373824733832e-14j),(44.84073617236872-61.746158808167195j)
635,1763.395,(-37.00000000000004-1.1035132185077018e-14j),(69.54013627319452+18.36334189847488j)
636,1766.172,(-34.000000000000114-3.68124556153861e-15j),(20.199227176091384+141.05023095222788j)
637,1768.949,(-28.999999999999847-3.0410397359416847e-14j),(105.12565133814911+12.543241522284198j)
638,1771.726,(-33.99999999999983-4.239491351429422e-15j),(82.09330178344985+20.47800485014223j)
639,1774.5030000000002,(-34.00000000000004+1.7298715528283176e-14j),(117.91017549938891-110.78713619901676j)
640,1777.2800000000002,(-36.000000000000036+9.704240270549333e-16j),(107.88425915744665+46.064909469139394j)
641,1780.057,(-38.000000000000085-5.7373319328845434e-15j),(75.84963824070834-3.083011301631089j)
642,1782.834,(-37.99999999999986-3.862845930720001e-14j),(105.70346131410142+3.8933448776359434j)
643,1785.611,(-33.99999999999997-1.2834274791718634e-14j),(128.2554174878125+126.85581868584462j)
644,1788.3880000000001,(-38.000000000000234-2.3034919022237057e-14j),(119.92946341593013+35.568131721915684j)
645,1791.1650000000002,(-37.999999999999986-5.26547314567726e-15j),(139.07557461553094+37.17267778688329j)
646,1793.942,(-41.00000000000022-2.279281101614049e-14j),(-22.34291188144943+35.78448617909646j)
647,1796.719,(-40.99999999999993+6.9441713261655e-15j),(106.68804695166884+68.54573225578982j)
648,1799.496,(-43.99999999999994-1.8724840395951835e-14j),(39.80523781652481+110.4005768129401j)
649,1802.2730000000001,(-43.00000000000003+3.0145258694118425e-14j),(87.96275032499013+150.85069139025626j)
650,1805.0500000000002,(-46.999999999999936-1.5290921879974992e-15j),(125.17893643044545+71.7733037313987j)
651,1807.827,(-47.000000000000014+8.08632932529404e-15j),(-9.143316480441918+51.44869877701735j)
652,1810.604,(-51.99999999999991-2.1627474671412815e-14j),(27.955436769804507+74.72866990093127j)
653,1813.381,(-54.9999999999999-3.194018606780511e-14j),(23.631376244828854+110.94226321928502j)
654,1816.1580000000001,(-53.99999999999999-9.698770027993475e-15j),(-12.19149615639381+125.19149736215617j)
655,1818.9350000000002,(-51.999999999999915+1.7435341977413906e-15j),(58.36642403656724+80.00725431003629j)
656,1821.712,(-52.0000000000001-4.540654979387192e-14j),(-24.929083426985052+33.446024007549376j)
657,1824.489,(-61.99999999999991-1.715378579236012e-14j),(80.13071121569527-9.668564214630948j)
658,1827.266,(-62.999999999999915-2.2106411508277946e-14j),(7.554249852143066+72.40196989557904j)
659,1830.0430000000001,(-66.99999999999994+4.606752759817896e-15j),(74.6762685210314+41.84687949436285j)
660,1832.8200000000002,(-69.0000000000002-2.1247560349995e-14j),(40.28275012443318+112.22067941804349j)
661,1835.597,(-68.00000000000001-1.3975489388015802e-14j),(39.50269905211828-11.659072069740027j)
662,1838.374,(-69.99999999999984+1.1428685071562882e-14j),(35.31730849769014+12.517035795642812j)
663,1841.151,(-72.99999999999987-2.4704876336072754e-14j),(-62.48733106555707-34.1603271789345j)
664,1843.928,(-81.0000000000002-4.545184090310586e-15j),(60.90846253610785-59.44209572222632j)
665,1846.7050000000002,(-82.00000000000013-4.7534092670430974e-14j),(-12.354365361015473+41.452611227868374j)
666,1849.4820000000002,(-85.00000000000011-1.8662414462171318e-14j),(90.75521088237963-139.5075531903052j)
667,1852.259,(-86.99999999999989-3.825323041573171e-15j),(89.2816260006537+91.1028874456654j)
668,1855.036,(-90.9999999999999-3.3031152350782564e-14j),(8.11307067910123-47.338549888463156j)
669,1857.813,(-99.00000000000009-2.504867227216733e-14j),(77.97047464970528-39.318265710210795j)
670,1860.5900000000001,(-100.00000000000011-3.056855519548115e-14j),(36.851690021523794+6.179490174200097j)
671,1863.3670000000002,(-109.0000000000001+3.45887926425785e-14j),(125.27872586458685-33.169924899802936j)
672,1866.144,(-108.99999999999986-4.1889118088004e-16j),(135.6036168464559+62.449448810885315j)
673,1868.921,(-110.99999999999983+1.7550786728900487e-15j),(57.70144457631338-30.120972794818467j)
674,1871.698,(-114.99999999999994-1.7998875164891086e-14j),(95.83531843550847-20.499359666819075j)
675,1874.4750000000001,(-118.99999999999997-1.2852869734632904e-14j),(14.327437916130386+17.92370718576123j)
676,1877.2520000000002,(-127.00000000000003+1.728889486405369e-14j),(56.766104032881366+33.832399626659694j)
677,1880.029,(-128.99999999999991-7.170025412613207e-15j),(142.65548907461175+147.75651402008086j)
678,1882.806,(-136.99999999999991+2.5925961711307322e-14j),(152.35612027493733+48.01585011883625j)
679,1885.583,(-138.00000000000009+2.1988514120297963e-15j),(78.40517257430594+56.11706235880543j)
680,1888.3600000000001,(-145.00000000000003+1.9931549259773753e-14j),(26.550934919780666+0.16097028885218378j)
681,1891.1370000000002,(-153.0000000000001+1.0973456674337384e-15j),(94.61999732293066+90.98777474658752j)
682,1893.914,(-160.99999999999983+1.1742991031511656e-14j),(60.04426370481315+206.4174656034378j)
683,1896.691,(-166.99999999999994-2.1972497033207322e-14j),(106.83308449010153+17.29764418933219j)
684,1899.468,(-174.0000000000001-7.284268689123812e-15j),(137.9190474320996+65.50062982034532j)
685,1902.2450000000001,(-179.99999999999997+1.382549123466051e-14j),(11.442326339741768+62.03292698669644j)
686,1905.0220000000002,(-186.00000000000006+2.5553319814960376e-14j),(23.02560276283377+95.45735459273905j)
687,1907.7990000000002,(-191.99999999999994+1.1815908089564126e-14j),(10.872752673270462+95.15744308342413j)
688,1910.576,(-202.99999999999986-1.16113198802721e-15j),(52.165617282952375+101.45981449313526j)
689,1913.353,(-209.0000000000002+3.162500663448298e-14j),(113.91718691909729+137.65922464669507j)
690,1916.13,(-213.00000000000003-1.3164083388324243e-14j),(27.657753237624732+3.6925959850003096j)
691,1918.9070000000002,(-216.00000000000003-3.9069790057895326e-14j),(54.87389492850487+47.39847977794656j)
692,1921.6840000000002,(-219.9999999999999-4.3301215547241645e-15j),(-25.013279269425+51.40757259220149j)
693,1924.461,(-225.99999999999977+3.7287887551703927e-16j),(-32.60041200537442+76.49816357761767j)
694,1927.238,(-236.00000000000017-4.131178353757218e-14j),(76.9854765300274+111.56927755048551j)
695,1930.015,(-239.99999999999986-7.236643346357193e-15j),(-1.6477241522107953+67.97321889339923j)
696,1932.7920000000001,(-242.00000000000006+6.054587759958994e-15j),(7.41873841137847+38.23516684271199j)
697,1935.5690000000002,(-245.9999999999999-1.9896222224752426e-15j),(-97.16169535030932+23.00714720856935j)
698,1938.346,(-247.99999999999994-1.2019729593621547e-14j),(-23.339317234534875+26.742732715277477j)
699,1941.123,(-251.00000000000017+2.2975891776526884e-14j),(-56.56842468849101+57.544752244235696j)
700,1943.9,(-256+2.0897406820834654e-14j),(84.79408201494374+18.89375660342767j)
701,1946.6770000000001,(-256.00000000000006-6.624058819875818e-16j),(96.09021062608339+16.75881383065477j)
702,1949.4540000000002,(-248.99999999999994+1.4097976372824645e-14j),(19.764422754336145-59.18764887871295j)
703,1952.231,(-243+3.4365865201999266e-14j),(50.518442925411925-41.761410003930635j)
704,1955.008,(-245.00000000000006+1.0196567422230602e-14j),(67.97347172469966+19.141137716447105j)
705,1957.785,(-239.00000000000006+4.0617667668374334e-14j),(72.90371076133428+34.57524231602947j)
706,1960.5620000000001,(-231.00000000000014-1.0238337709159024e-14j),(82.73953980776298-4.791385249553784j)
707,1963.3390000000002,(-223.99999999999991+2.9068813566875025e-14j),(140.99959405014272-33.9600035011199j)
708,1966.116,(-209.99999999999994-7.576995745014234e-16j),(157.69851478264994+8.000567371251037j)
709,1968.893,(-192.00000000000006-4.065593155781844e-14j),(76.46898251327121+39.208033487849185j)
710,1971.67,(-177.00000000000006-8.764682600103721e-15j),(139.2435533037939+10.396532873995241j)
711,1974.4470000000001,(-161.0000000000001-1.7067355968934215e-14j),(134.64249043559542+124.05551689405513j)
712,1977.2240000000002,(-146+1.7155145091225355e-14j),(104.1687843376014-31.613711404639716j)
713,1980.0010000000002,(-133.9999999999999+1.7098933345555904e-14j),(139.5649793662006+75.05030440706446j)
714,1982.778,(-120.00000000000024-2.6251650746585604e-14j),(63.58947584550124+5.340997858261332j)
715,1985.555,(-104.00000000000007-2.4604720493119025e-14j),(108.60611327101596+63.60609455837182j)
716,1988.332,(-91.00000000000003+2.614029628354594e-15j),(75.56400422692366+184.90087377734767j)
717,1991.1090000000002,(-83.99999999999991+9.696167106601136e-15j),(105.91043076249895+49.91168199471011j)
718,1993.8860000000002,(-73.9999999999998-2.189709366709886e-14j),(117.1908725671105+121.30613523013311j)
719,1996.663,(-63.00000000000018-2.203482643211392e-14j),(0.0032340337214691317+77.25301634314218j)
720,1999.44,(-44.99999999999989-1.137885421648711e-14j),(-9.793085802906035+2.7136075759031115j)
721,2002.217,(-37.00000000000006+2.5660024229608553e-14j),(-32.8255012493333+178.87853580989065j)
722,2004.9940000000001,(-33.999999999999936-2.0989405965346256e-14j),(74.39043599350607+128.37531572038196j)
723,2007.7710000000002,(-31.999999999999957-1.0477396383531028e-14j),(64.62142326172903+156.83652528789884j)
724,2010.548,(-26.00000000000013-1.3347720629495e-14j),(19.88582797753552+24.28754017142127j)
725,2013.325,(-20.999999999999957-6.339848077651562e-15j),(84.28439640087589+72.69554198678011j)
726,2016.102,(-16.00000000000003+1.085961413756664e-14j),(-70.40902638455452+144.33116442567865j)
727,2018.8790000000001,(-9.999999999999945+2.2752030530578954e-14j),(-47.16872184037419+82.9792099680957j)
728,2021.6560000000002,(-8.999999999999934-1.1214866374713961e-14j),(-72.39516185701872+105.52531118790804j)
729,2024.433,(-13.00000000000003-2.1123655306133732e-14j),(-46.4565683828704+67.44512117274277j)
730,2027.21,(-13.999999999999979-1.6707472850306865e-14j),(32.42563627324947-39.59529531324025j)
731,2029.987,(-16.000000000000085+6.498036786433903e-15j),(-31.47134714700188+15.900758423451833j)
732,2032.7640000000001,(-12.99999999999993-1.462967646304279e-14j),(-17.56011208717976+26.259860679425984j)
733,2035.5410000000002,(-7.999999999999902-6.243944998541916e-14j),(10.956934227815992+54.26396361240165j)
734,2038.3180000000002,(-9+2.1007660745486116e-14j),(21.560131704923464-74.59367582933993j)
735,2041.095,(-11.000000000000144-7.89910630888932e-16j),(7.541263817830455+70.36460040280559j)
736,2043.872,(-11.000000000000034+1.293020306635392e-14j),(-16.93570304434985-53.48434961739662j)
737,2046.6490000000001,(-5.999999999999858+3.074302316664442e-14j),(51.47277529944357+31.169029436490874j)
738,2049.426,(-3.999999999999882-1.7724131372243112e-14j),(-23.175313867677062+22.995478319645343j)
739,2052.203,(-7.0000000000002+7.780323952704912e-15j),(107.96760458861758+50.66893619465034j)
740,2054.98,(-6.000000000000133+2.1117842587295363e-14j),(121.90924000761589+58.59248457284022j)
741,2057.757,(-13.000000000000112+2.890605409265292e-14j),(31.735921305266686-33.04375424004377j)
742,2060.534,(-16.99999999999994+7.294963209541294e-15j),(178.32705214574608+37.52220874037528j)
743,2063.311,(-15.999999999999885-1.5563661790302153e-14j),(-12.942624084261652+33.977607923625484j)
744,2066.088,(-19.000000000000167+3.132609809741165e-14j),(83.64097779628418-59.05148053766911j)
745,2068.8650000000002,(-16.000000000000103+3.663588446510941e-14j),(107.40370440437272+121.52434036326248j)
746,2071.6420000000003,(-20.000000000000128+2.358873489793379e-14j),(115.69515005284485+64.08350831971222j)
747,2074.4190000000003,(-22.999999999999886+2.4326358379888053e-14j),(144.24395098530724+70.30235491621147j)
748,2077.196,(-24.99999999999988-1.2614465980947807e-14j),(36.96452684179516+32.33700835388184j)
749,2079.973,(-29.99999999999995+1.8489438673464422e-14j),(52.143813191272244+23.96550214413969j)
750,2082.75,(-27.999999999999854-1.7678285683483164e-14j),(129.00000000000026+161.00000000000068j)
751,2085.527,(-29.00000000000014-1.511621304090542e-14j),(125.7439419347171+147.38319264333234j)
752,2088.304,(-27.99999999999989-2.7413768281547177e-14j),(152.88998848143908+71.98213696846841j)
753,2091.081,(-29.000000000000025-2.444213689462634e-14j),(53.54217351030947+20.481045489451162j)
754,2093.858,(-29.999999999999854-2.7447107910112543e-14j),(177.91379532992477+19.11159662430822j)
755,2096.635,(-29.000000000000107-8.076435155768127e-15j),(-51.09019883601174+170.57740060063765j)
756,2099.4120000000003,(-27.000000000000156-4.1317236074829995e-14j),(77.42868185426164+163.4223546579915j)
757,2102.1890000000003,(-28.999999999999943-1.5459711274847955e-14j),(103.50480955923337+168.49062618030734j)
758,2104.966,(-31.999999999999872-2.729289338716771e-14j),(114.23329730099677+8.083007083573307j)
759,2107.743,(-32.00000000000015-8.789524928811777e-15j),(77.40096160651387+67.95024119254919j)
760,2110.52,(-34.000000000000014+7.91031471862666e-15j),(-39.97374148126984+93.95315864658448j)
761,2113.297,(-35.000000000000135-1.461894693356958e-14j),(-63.66774925940471+170.31600496395163j)
762,2116.074,(-30.99999999999983-7.417807968680851e-15j),(-17.92009844465875+201.75351765481284j)
763,2118.851,(-26.999999999999815+1.341614977452469e-15j),(51.89911026326928+13.80690499398974j)
764,2121.628,(-27.00000000000003-2.7660350532591566e-14j),(113.76628257864056+56.127000987245395j)
765,2124.405,(-33.00000000000006+3.9902562600986844e-14j),(-131.63115704941043+50.82894913776394j)
766,2127.1820000000002,(-37.00000000000015+6.616681636140352e-15j),(-120.12749783349685+149.11291413288262j)
767,2129.9590000000003,(-34.999999999999844+5.727166266627515e-14j),(31.423692267824848+147.33948471491195j)
768,2132.736,(-31.999999999999922-2.361156683853512e-14j),(31.663854200807464+60.61925695753797j)
769,2135.513,(-31.000000000000227-5.664482917787278e-14j),(54.50606625184396+47.02285382582829j)
770,2138.29,(-30.00000000000002-9.610231786429384e-16j),(-75.58681586040899+20.69730830241741j)
771,2141.067,(-37.00000000000019-3.0649604366918717e-14j),(3.5034403055034318-82.42633586711237j)
772,2143.844,(-46.999999999999915+4.491410864876816e-15j),(-48.85694563602519+134.76072598671908j)
773,2146.621,(-58.99999999999996-3.6217911834041336e-14j),(-69.06537849063932+76.23501308648369j)
774,2149.398,(-64.00000000000003-6.621825295752816e-15j),(170.2928906076154+88.22441122721112j)
775,2152.175,(-55.99999999999997+2.6912386513234835e-15j),(20.852823313051047-64.09543152361445j)
776,2154.952,(-46.00000000000003-4.2530309644616336e-14j),(35.4173535474127-30.121605590747436j)
777,2157.7290000000003,(-35.99999999999986+3.932801823428506e-15j),(-92.33727521627344-28.554747558023678j)
778,2160.5060000000003,(-11.99999999999992-1.0302006388086185e-14j),(-26.711785443822635+84.54392578935926j)
779,2163.283,(22+2.904413100743924e-14j),(174.9229023481061+130.59221975940125j)
780,2166.06,(91.00000000000007+3.937891471554833e-14j),(104.11956564081407+42.453643541956836j)
781,2168.837,(165.9999999999999+5.712578332293749e-14j),(21.176628428772467-70.4275639232336j)
782,2171.614,(240.0000000000001+2.9253984630707488e-15j),(74.53325294293478+4.851508943246017j)
783,2174.391,(301.0000000000001-1.158061045589011e-14j),(25.02312306240441+40.01804145903816j)
784,2177.168,(359+1.990876696506092e-14j),(203.63117880519061+101.31277127021627j)
785,2179.945,(390.9999999999999+7.169118469383683e-14j),(133.99672733585874+51.843530562815516j)
786,2182.722,(399.0000000000001-4.683598022302256e-15j),(161.73439630584767+66.29004130299722j)
787,2185.4990000000003,(363.0000000000002-8.114870365038089e-16j),(24.80226029082735+27.240248102052078j)
788,2188.2760000000003,(276.0000000000002-2.0272507580647126e-14j),(172.91414453763412-1.812674479736728j)
789,2191.053,(159.99999999999983-3.8713662454849376e-14j),(260.0473358952716+171.14561626523349j)
790,2193.83,(53.99999999999989-1.939596876701976e-14j),(194.8047275872856+145.7749584541907j)
791,2196.607,(-18.00000000000008+1.7339610793551473e-15j),(179.06633420989164+59.051254451311465j)
792,2199.384,(-46.999999999999915-2.7625114720406554e-14j),(66.4535144561918+94.565820694727j)
793,2202.161,(-54.99999999999996-1.260493160168645e-14j),(121.95089932122013+36.50347340453055j)
794,2204.938,(-49.000000000000135-1.8348919425551512e-14j),(176.69718798199062+327.2112598348474j)
795,2207.715,(-34.000000000000114+4.91588516816768e-15j),(3.8065586695895064+135.19944816252658j)
796,2210.492,(-15.000000000000144-2.876094638624614e-14j),(129.27178440918556+264.07578455624866j)
797,2213.2690000000002,(-7.999999999999875-7.904414987885088e-15j),(-4.753423815250358+58.44294309325801j)
798,2216.0460000000003,(-9.999999999999867+3.653596293628087e-14j),(90.66905360950588+82.06820532491594j)
799,2218.8230000000003,(-16.999999999999975+6.783271317029419e-15j),(16.24047350524083+251.7435211428381j)
800,2221.6,(-19.000000000000032-1.6848344789968605e-14j),(-92.97058314504102+309.0249018768905j)
801,2224.377,(-23.000000000000036-7.845555627601444e-15j),(68.99369027514783+92.33222368550265j)
802,2227.154,(-23.99999999999989-1.3811756820097082e-15j),(-62.49595668709946+125.56936759197549j)
803,2229.931,(-25.99999999999993+1.0632170921158232e-14j),(115.60080011094325-106.1695049029453j)
804,2232.708,(-26.000000000000075-1.1061058180134598e-15j),(-267.83530629934404+233.09622983645232j)
805,2235.485,(-26.00000000000003-2.545377851345084e-14j),(-180.29632414907044-39.51773252129505j)
806,2238.262,(-30.0000000000001-1.6292491130733026e-14j),(5.16511037735053+219.43499522552216j)
807,2241.039,(-29.99999999999984+9.055177909130792e-15j),(67.36049270319185-181.00486570283442j)
808,2243.8160000000003,(-35.99999999999997+2.963244353009725e-15j),(111.08239252004012-14.44232266764395j)
809,2246.5930000000003,(-35.00000000000008+3.140251065174282e-14j),(-185.64408302449917+49.19011379207016j)
810,2249.37,(-35.00000000000002-2.907777959434576e-14j),(-326.5245344864227+15.377747030435586j)
811,2252.147,(-34.0000000000001-1.207740936430819e-15j),(59.13254746618317+95.55706847696875j)
812,2254.924,(-33.000000000000014+3.330343140822449e-15j),(-42.4361125154789-3.9051942845057965j)
813,2257.701,(-37.999999999999915+1.1130924889372663e-14j),(455.23431803230653-78.64254903071887j)
814,2260.478,(-36.00000000000025+2.166766950846391e-14j),(-276.6133661610372-110.25980140959423j)
815,2263.255,(-38.000000000000085+1.0681229348688515e-14j),(-103.96796255024617-274.2762726041473j)
816,2266.032,(-39.00000000000003+4.251172135214725e-14j),(-166.599805402907+48.80779969980502j)
817,2268.809,(-34.99999999999993+3.715476247273023e-14j),(234.69340929630692+12.484607648372275j)
818,2271.5860000000002,(-35.999999999999766+2.7721718593461293e-14j),(410.08386300961087+99.46057312259737j)
819,2274.3630000000003,(-35.00000000000019-1.4139527535273488e-14j),(181.9853724777767-159.35514440743555j)
820,2277.1400000000003,(-34.999999999999915-4.403361895220641e-15j),(110.99047772298445-511.28635184050086j)
821,2279.917,(-34.00000000000005-4.368798245306991e-14j),(121.7979409560594+105.07789689955528j)
822,2282.694,(-35.999999999999886-3.707424180055984e-14j),(-49.4331838114299+110.7935133578439j)
823,2285.471,(-35.999999999999936+2.0012747963864726e-14j),(366.07056483989027+690.6312833774336j)
824,2288.248,(-37.0000000000001-1.7142442711438457e-14j),(83.35021326650755+55.564199958601996j)
825,2291.025,(-38.000000000000014-1.360652729313382e-15j),(564.5027883719605+14.055940928078698j)
826,2293.802,(-41.999999999999986+3.578643452107074e-15j),(-65.27382202883354-69.87371698675506j)
827,2296.579,(-38.99999999999993+2.488913657656028e-14j),(-44.2998045708621+164.80071626140858j)
828,2299.356,(-38.99999999999992+3.342077855376466e-14j),(-22.879915619952218+604.1368681423373j)
829,2302.1330000000003,(-35.000000000000064+5.4853869747333724e-15j),(74.27017309804688+411.01535722922233j)
830,2304.9100000000003,(-37.000000000000036+1.7075108457486085e-14j),(491.91414580358+21.001418794977894j)
831,2307.687,(-38.000000000000085-9.243333460212416e-15j),(-70.87569777037771+244.42600571395798j)
832,2310.464,(-41.99999999999982+1.4098919956006123e-14j),(-204.43298668534868-18.834252192171995j)
833,2313.241,(-31.999999999999943-5.778775064535419e-15j),(-1109.307283655402+1194.6228844853913j)
834,2316.018,(-34.00000000000009-1.5054142363904385e-16j),(367.235113727213-89.28091542777054j)
835,2318.795,(-30.000000000000036-5.503419954519001e-15j),(572.2743759259215+439.2607376839412j)
836,2321.572,(-30.0000000000001-1.4521733635380744e-14j),(218.1312547540619+9.595778777742197j)
837,2324.349,(-36+3.215306382899021e-15j),(146.79629104759195-60.368291246145574j)
838,2327.126,(-33.999999999999886+1.10538745850222e-15j),(-361.60372176992166+78.12790772073424j)
839,2329.9030000000002,(-31.000000000000217+7.335501244204879e-15j),(-302.5620817574895+100.49878686264252j)
840,2332.6800000000003,(-32.00000000000004+2.741966134778481e-14j),(268.00351918674+513.752267095967j)
841,2335.4570000000003,(-28.000000000000018+2.7408011146748012e-14j),(-150.7806800671575+151.31716350021156j)
842,2338.234,(-25.999999999999897-9.387699751771408e-15j),(316.48956208082274-252.9478021523564j)
843,2341.011,(-27.9999999999998+5.499610486841361e-14j),(-403.9558205331103-219.65066537243877j)
844,2343.788,(-25.000000000000203+2.254755867209802e-14j),(-118.39430740918453-326.19753264630367j)
845,2346.565,(-27.999999999999932+1.0828470862725408e-14j),(-253.06318417973299+450.48781334635805j)
846,2349.342,(-21.00000000000007+4.2462616966958396e-14j),(-33.91638374423701+137.98766203678218j)
847,2352.119,(-18.99999999999994+1.4888478852688013e-14j),(300.44925843623736-62.3509584268068j)
848,2354.896,(-15.99999999999992+5.819776224036828e-14j),(-81.01041587196804-382.2799108553952j)
849,2357.6730000000002,(-16.00000000000013+3.0492070336089295e-14j),(41.45763888235344-554.6088735851032j)
850,2360.4500000000003,(-13.999999999999993-2.6084510211182485e-16j),(-154.77331170036484+233.48523672364288j)
851,2363.2270000000003,(-9.000000000000044+4.5863152381341065e-15j),(-228.57950263269242-18.587028656993084j)
852,2366.004,(-4.9999999999999085+2.3797571502583405e-14j),(527.7232236414386+226.2229029419533j)
853,2368.781,(1.0000000000000802+1.0102379065229479e-14j),(122.41798129978703-326.7415301211879j)
854,2371.558,(3.9999999999999565-1.2269541872751517e-14j),(743.6849981032294-437.9410802165022j)
855,2374.335,(7.000000000000059+1.7399988717256773e-14j),(-164.6754635449904-40.06042003215649j)
856,2377.112,(4.999999999999891+1.5908383860766605e-14j),(61.955697207586866-39.634004006510565j)
857,2379.889,(8.000000000000096-9.407913992444094e-15j),(325.23688900990606+295.11516553782496j)
858,2382.666,(10.000000000000098+3.722090230937837e-14j),(386.89372306890283+41.66391212813585j)
859,2385.443,(20.999999999999993+9.959799071909016e-15j),(774.1412096977874-228.36025386235832j)
860,2388.2200000000003,(22.999999999999833+1.819175693784581e-14j),(167.65016192032357+140.2730470598575j)
861,2390.9970000000003,(24.99999999999992+3.9599193267860563e-14j),(-32.939346241390126-166.69414243955998j)
862,2393.7740000000003,(26.00000000000018+1.6804214588269433e-14j),(272.3139011717234+789.9901113087838j)
863,2396.551,(30.000000000000153+2.657128564510691e-14j),(209.1313600983394+173.11027290579287j)
864,2399.328,(32.999999999999766+3.2305418684104445e-14j),(1080.4456920677344+457.7485576806719j)
865,2402.105,(39.999999999999844+4.744903157553716e-14j),(101.94595446652392+124.29009394404925j)
866,2404.882,(44.999999999999865+4.4489729900763385e-15j),(24.920875761978948+57.8345696595907j)
867,2407.659,(43.00000000000008+2.1171019769977884e-14j),(-262.354055798104+421.11955775187175j)
868,2410.436,(41.0000000000001+2.8784950366017466e-14j),(7.216323917393481+627.6248793492284j)
869,2413.213,(46.99999999999984+4.7293943580612105e-14j),(788.4423700679481+711.7667833756987j)
870,2415.9900000000002,(51.99999999999987+3.2073572419978417e-14j),(31.612951244772663+695.8055072045095j)
871,2418.7670000000003,(55.99999999999986+3.8450847643901184e-14j),(-11.816108261428099-345.6770246152182j)
872,2421.5440000000003,(59.00000000000014+2.7950132038203462e-14j),(-619.0758318673526+612.8675512128847j)
873,2424.321,(56.000000000000135-1.5673866094820736e-14j),(-380.80748385550277+133.76459794280385j)
874,2427.098,(57.000000000000014-2.3921197529454255e-15j),(158.49025763403029+1393.8366790122654j)
875,2429.875,(56.000000000000135+2.4309714142702764e-14j),(-415.6259377015544+325.1284630184969j)
876,2432.652,(59.999999999999886-5.816318920976571e-15j),(-88.06010553272344-17.15361042169691j)
877,2435.429,(66.00000000000011+1.907714921529841e-14j),(-738.7216155990643-469.60912822675505j)
878,2438.206,(59.999999999999986+1.6439883501240505e-14j),(-603.1187606726022+34.62253922655228j)
879,2440.983,(57.00000000000015+2.861998472699038e-14j),(-136.059657727863+821.9671459392732j)
880,2443.76,(56.99999999999989-1.5820074091333282e-14j),(-850.7215352505091+609.5120248853119j)
881,2446.5370000000003,(52.99999999999985+1.298352876466993e-14j),(454.92766336332363-830.160402052832j)
882,2449.3140000000003,(55.00000000000005-4.945178045693299e-15j),(-521.4720579152606-521.1817270343738j)
883,2452.091,(57.00000000000015+2.7361395845003282e-14j),(-199.4895894403898-1164.0346924776932j)
884,2454.868,(54.999999999999915-5.273059915399081e-15j),(-846.7903678601488+936.4743435493651j)
885,2457.645,(48.99999999999994-4.0688042134655786e-14j),(-575.0950156493031-260.645171949402j)
886,2460.422,(43.99999999999991-3.508377269399186e-14j),(617.2219904232895-113.9687102239959j)
887,2463.199,(36.00000000000017-2.8610522139160982e-15j),(613.6507371294354-1073.6063349713113j)
888,2465.976,(36.000000000000185-1.3176450437441829e-14j),(307.2222977912982-1208.0642836222464j)
889,2468.753,(33.999999999999986-2.8210177311694835e-14j),(-204.2617012427695+43.993539415024046j)
890,2471.53,(28.999999999999943-3.28910906481278e-15j),(-876.6887075809949-14.54301687604891j)
891,2474.3070000000002,(24.999999999999883+6.3033710111979424e-15j),(1507.1036851840863+68.10880589769761j)
892,2477.0840000000003,(17.00000000000016+9.300255622546992e-15j),(853.6944832024491-351.4713365264632j)
893,2479.8610000000003,(11.000000000000044+1.93922131691357e-14j),(2233.481313948244-1027.2561589499608j)
894,2482.638,(9.999999999999767+1.0394253296398828e-14j),(-719.8595528725929+482.5636869833042j)
895,2485.415,(6.999999999999986-5.118782425069469e-15j),(-61.469337835134525-511.4302908753931j)
896,2488.192,(2.9999999999997526+2.0587904846413694e-14j),(624.7998151793314+1327.6280454654823j)
897,2490.969,(-4.999999999999898-1.0017737988272915e-14j),(1931.413209786965+525.7862585552484j)
898,2493.746,(-6.999999999999971+3.142639164469454e-14j),(2029.8451905611184+446.1404741121205j)
899,2496.523,(-9.000000000000059-8.976208740537035e-15j),(166.02471268526028+698.4384959218318j)
900,2499.3,(-7.999999999999971-1.6154152914271566e-14j),(-1104.7940820149433-532.4547172872174j)
901,2502.077,(-9+1.265200252247877e-14j),(453.08439291319564+2003.5971961796708j)
902,2504.8540000000003,(-10.999999999999899+2.3986266962148303e-15j),(-18.159837896441218+1408.9561505832114j)
903,2507.6310000000003,(-14.999999999999957+1.0526049393680582e-14j),(2690.845228122829+2379.597311750943j)
904,2510.408,(-19+1.643166258386311e-15j),(-1369.1560430429736+447.8310770013878j)
905,2513.185,(-17.99999999999993-1.3202242417000232e-14j),(35.57876838628707-816.3752449921362j)
906,2515.962,(-16.00000000000009-1.531132605270172e-14j),(-2091.8076971054234+945.1539879736567j)
907,2518.739,(-18.999999999999904-6.131899940633241e-15j),(-395.1297450270238+1786.3504607796285j)
908,2521.516,(-21.99999999999989+5.174462502109014e-14j),(-157.47622319862575+2814.969048386901j)
909,2524.293,(-24.99999999999997-3.5974650215203633e-16j),(-837.9188965846358+748.5811227616423j)
910,2527.07,(-26.000000000000146+1.8994886277985612e-14j),(-478.9335487913746-2531.0820783993804j)
911,2529.847,(-31.00000000000002-2.8119154502960246e-14j),(-1523.7265100826926+42.78281886471525j)
912,2532.6240000000003,(-29.99999999999985+1.3990701043728563e-14j),(-2151.3434634587356-981.1873616363248j)
913,2535.4010000000003,(-29.999999999999847-2.483783147698988e-15j),(-819.6335348605983+3708.403105043083j)
914,2538.1780000000003,(-33.00000000000017+1.537734907105568e-14j),(-1969.5528176477294-1555.522932176317j)
915,2540.955,(-32.000000000000156-2.262834225844452e-14j),(2170.0505581152074-1445.4923564344458j)
916,2543.732,(-33.000000000000114+1.900145920494663e-14j),(-1037.8193218049782-3557.143819089263j)
917,2546.509,(-35.999999999999915-2.892637304994576e-14j),(-267.0767921670946-790.6448835653237j)
918,2549.286,(-36.99999999999992-1.4362532327366733e-14j),(-2672.932587606705+638.1889162100586j)
919,2552.063,(-39.000000000000114+2.0087727811592915e-14j),(-728.6237470686882-298.1325626817263j)
920,2554.84,(-41.000000000000135+6.773714350940463e-16j),(3800.8331019822554-2010.438316254721j)
921,2557.617,(-38.00000000000015-8.837001660957504e-15j),(1821.8123989013643-1114.8378320629436j)
922,2560.3940000000002,(-40.99999999999989+9.857608601980748e-15j),(2417.9090756030614-3210.1800719161456j)
923,2563.1710000000003,(-39.999999999999886-8.563591990003653e-15j),(-3026.017216536283+1768.0321544494975j)
924,2565.9480000000003,(-39.99999999999997+1.0245870831854455e-14j),(578.8844432147753-2752.619656681213j)
925,2568.725,(-38.000000000000014-1.5366730178206085e-15j),(3282.496130613272+3538.387424774024j)
926,2571.502,(-36.00000000000003+3.902859514582731e-15j),(4420.901687853619-1159.2101074036948j)
927,2574.279,(-33.99999999999991+4.0718096945240384e-16j),(3116.996483316436+2067.0345878622775j)
928,2577.056,(-32.9999999999999-1.4729112816594746e-14j),(-1477.4940027650237-1375.5773519508134j)
929,2579.833,(-32.00000000000006+1.2535827650433299e-14j),(-863.2184591785629-81.93709911091992j)
930,2582.61,(-30.000000000000014-4.735683024609685e-15j),(2676.2287290037443+3935.2734941717777j)
931,2585.387,(-24.000000000000117+2.908413884063494e-14j),(1058.6744060328497+4201.896850875851j)
932,2588.164,(-18.99999999999986-1.1634573393914268e-15j),(4405.376683141389+3606.6490226818396j)
933,2590.9410000000003,(-18.999999999999932-4.851261558773618e-14j),(-4609.629037125356-647.3811585635026j)
934,2593.7180000000003,(-23.000000000000068+1.444522769134445e-14j),(2500.6538537831284-2081.5096438148153j)
935,2596.4950000000003,(-23.000000000000064-1.35541595395084e-14j),(-4795.7755324118325+4872.833370888597j)
936,2599.272,(-22.000000000000096-1.253397364451496e-14j),(1109.7236800705277+3861.5216660279666j)
937,2602.049,(-20.000000000000007+2.3612779374939966e-14j),(-3121.1160042500887+5747.916336676992j)
938,2604.826,(-14.999999999999929+5.608811225025116e-15j),(-161.2390047506551-2572.206116749802j)
939,2607.603,(-17.00000000000019+4.8494061993648784e-14j),(-311.5778083873288-2589.701501274322j)
940,2610.38,(-24.000000000000085+1.9428449120314677e-14j),(-2790.381666755961+1576.7020443864685j)
941,2613.157,(-24.000000000000004-5.496041569961324e-14j),(-5136.58286939274+531.6599492767477j)
942,2615.934,(-19.999999999999947+9.449233393820918e-15j),(-3049.308538537301+5182.229377955893j)
943,2618.7110000000002,(-15.999999999999782-1.0850318148440173e-14j),(-2630.0586423860636-5819.846082690183j)
944,2621.4880000000003,(-18.000000000000174-2.327265599266002e-15j),(5862.322358747644-12.433279775054416j)
945,2624.2650000000003,(-17.999999999999915-2.842845872790763e-14j),(-4770.493457048731-4613.863452821253j)
946,2627.042,(-21.00000000000005-1.923347761896353e-14j),(-741.742327920286+36.43117222965793j)
947,2629.819,(-20.999999999999904-8.75438345326106e-15j),(-7362.745941344288-1962.615928496446j)
948,2632.596,(-19.999999999999936-1.1843550775863044e-14j),(3300.838315739685-2324.2862158736343j)
949,2635.373,(-20.000000000000103+3.972709872433101e-15j),(4773.739062347928-950.4715809586496j)
950,2638.15,(-22.99999999999998-2.549759344215595e-15j),(1727.9038580995523-1202.5628844335697j)
951,2640.927,(-25.000000000000007+1.9828475486204437e-14j),(763.920390231815-4863.339641524405j)
952,2643.704,(-28.99999999999989+1.4041357643402281e-14j),(-4233.506463773622-604.6929328739616j)
953,2646.481,(-28.999999999999915+1.6551184011165487e-15j),(4886.850960796108-5487.661609304617j)
954,2649.2580000000003,(-24.00000000000005+2.988196794859203e-14j),(4641.413755238344+8535.020803112875j)
955,2652.0350000000003,(-12.000000000000018+3.163488141311765e-14j),(4215.558941126833-3024.8241697974945j)
956,2654.8120000000004,(-6.0000000000000755+1.5654687375871455e-14j),(2540.24419049708+2579.448579522363j)
957,2657.589,(1.5643308870494367e-13-1.9609078177142613e-14j),(-300.0842101465191-6913.631478465762j)
958,2660.366,(3.0000000000000955+8.201113526138782e-15j),(4281.71392671213+3224.565489298829j)
959,2663.143,(-5.000000000000058-3.7473430288763694e-14j),(1434.5076482986042+6877.738461433541j)
960,2665.92,(-26.000000000000032+1.3382341412524873e-14j),(-129.79024495534213+5072.077602570995j)
961,2668.697,(-65.00000000000011+9.379045423542658e-15j),(4761.337662983477+2490.690416396743j)
962,2671.474,(-138.00000000000003-5.569079423597195e-16j),(-1552.5537966541347-2252.4366295483374j)
963,2674.251,(-234.99999999999994+1.518130877996544e-14j),(6100.023844123607+1385.7465490440995j)
964,2677.0280000000002,(-336.0000000000002-5.480559861360284e-15j),(-8394.53264308744+7932.3191446688525j)
965,2679.8050000000003,(-418.00000000000006+1.453236103034232e-15j),(1616.3711960431979+2843.8462114697068j)
966,2682.5820000000003,(-471+3.123428967134833e-14j),(-4964.581268525758+5069.993142991936j)
967,2685.359,(-486+3.425460549407661e-14j),(4652.365266963882-3294.1843685744802j)
968,2688.136,(-445.9999999999998+9.764771315874792e-15j),(-7.731564422409974+4260.128636583965j)
969,2690.913,(-342.0000000000002-3.625194524002936e-15j),(-5712.490777507482+2306.945278245046j)
970,2693.69,(-211.99999999999994+3.109772948598397e-14j),(-8042.845645223997+28.075163944996802j)
971,2696.467,(-84.00000000000006+1.23699082811454e-14j),(-830.342994236903+3066.434818536792j)
972,2699.244,(42.000000000000135+2.799676236565944e-14j),(1176.414956651254-3428.4703732372836j)
973,2702.021,(33.000000000000135+1.9949665167536117e-14j),(1731.122727329922+5234.657044993334j)
974,2704.7980000000002,(5.999999999999898-7.414125387489197e-15j),(-8847.95027388532-6138.1750730609365j)
975,2707.5750000000003,(5.093170329928398e-14+5.1210806755318436e-15j),(1367.9620915009314-1594.8857556245084j)
976,2710.3520000000003,(-2.000000000000051-5.8788876252624745e-15j),(-7748.278419671619-4300.60157810465j)
977,2713.129,(1.0000000000000981+8.000185780108838e-15j),(5408.960497191996+2171.1741821554324j)
978,2715.906,(-0.9999999999998991+1.3119176169748879e-14j),(1212.4425990413183+1600.4747344068815j)
979,2718.683,(-4.00000000000004+2.74145644147356e-14j),(-176.41498238239046-3597.7601039868664j)
980,2721.46,(-9.999999999999961+2.2595210418135166e-15j),(-4543.287316403358-5791.116592397004j)
981,2724.237,(-23.00000000000014-1.7556331943885352e-14j),(2907.7593039164854-1924.565877136385j)
982,2727.014,(-36.99999999999993-1.408272705682318e-14j),(9291.8086736001-2128.755560102607j)
983,2729.791,(-44.999999999999936+4.475621075705237e-15j),(-5367.043008703451+8308.192745510802j)
984,2732.568,(-49.999999999999886+1.590306874671271e-14j),(3435.751319808274-6220.8099139299875j)
985,2735.3450000000003,(-50.00000000000017+2.3268591389360386e-14j),(9367.954127280273+1137.008992615155j)
986,2738.1220000000003,(-51.000000000000085-3.993962408244696e-15j),(2922.6168713820075-4171.599107296057j)
987,2740.8990000000003,(-51.999999999999794-9.372863540116438e-15j),(-8282.953149259673+14455.132613663805j)
988,2743.676,(-52.99999999999986-1.7210728010829156e-14j),(3776.4893811682473-56.39095374794874j)
989,2746.453,(-56.00000000000016-5.755957550923091e-15j),(2936.475588619227+1332.5672128911597j)
990,2749.23,(-55.00000000000014+1.6795841262503774e-14j),(-5677.969279538808-1150.929728765277j)
991,2752.007,(-53.00000000000013+1.9523145088677745e-14j),(5688.291204095449+2519.7481825327477j)
992,2754.784,(-54.9999999999999-2.534460728997069e-15j),(11719.552170055951+3675.3840114869904j)
993,2757.561,(-52.99999999999988-1.0953968436303761e-14j),(-11500.742831636351+11168.296715020124j)
994,2760.338,(-58.00000000000013+5.336995747444516e-15j),(-4708.927449886011+2700.952422722883j)
995,2763.1150000000002,(-59.00000000000011+2.3159625965690745e-14j),(8131.923487846929+2849.0081399509772j)
996,2765.8920000000003,(-62.000000000000135-5.544048287152653e-15j),(-4162.353101728388+9158.773241159157j)
997,2768.6690000000003,(-58.99999999999987+1.888149533351057e-16j),(-17841.330116649373+11710.28898383136j)
998,2771.446,(-56.999999999999815-1.3396583548658583e-14j),(15957.45824118749-6413.0504421466085j)
999,2774.223,(-64.99999999999991-2.559380926667954e-15j),(1096.9373702979842+5480.8655813742935j)
